ID,Default_Status,Loan_amount,Interest,Maturity,Credit_scores,Length,Readability_1,Readability_2,Readability_3,Attitude,Work_Info,Income_Info,Explanation,Guarantee,Thanks,Request,Usage_1,Usage_2,Usage_3,Usage_4,Usage_5,Usage_6,Age,Is_Married,Income_Level,Car,House,Car_Loan,House_Loan
1,,1,13,6,98,40,4 ,0.10000 ,5.2,0,0,0,0,0,0,1,0,0,0,0,1,0,39,0,4,0,0,0,0
2,,0.3,10,3,146,91,8 ,0.08791 ,11.2,0,0,0,0,0,0,0,0,0,0,0,0,1,31,1,2,0,0,0,0
3,,50,15,12,181,19,2 ,0.10526 ,2.4,0.166667,0,0,0,0,1,0,0,0,0,0,1,0,51,0,5,1,1,0,1
4,,0.5,22,3,35,51,7 ,0.13725 ,4.13332,0.0645161,0,0,0,1,0,1,1,0,0,0,0,0,46,0,4,0,0,0,0
5,,15,13,9,131,36,0 ,0.00000 ,40.4,0,1,0,0,0,0,0,0,0,0,0,1,0,59,0,5,1,0,0,0
6,,5,15,6,110,61,3 ,0.04918 ,5.905264,0.105263,1,0,0,0,0,1,0,0,0,1,0,0,38,0,5,1,0,0,0
7,,15,15,12,72,50,3 ,0.06000 ,5.676924,0,1,0,0,0,0,0,0,0,0,0,1,0,36,0,5,1,1,0,0
8,,30,15,12,151,43,5 ,0.11628 ,4.666668,0.3,1,0,0,0,1,0,0,0,0,0,1,0,53,0,5,0,1,0,0
9,,10,15,6,110,59,2 ,0.03390 ,8.276924,0.230769,1,0,0,0,0,0,0,0,0,0,1,0,38,0,5,0,0,0,0
10,,2,15,6,110,46,0 ,0.00000 ,40.4,0,1,0,0,0,0,0,0,0,0,0,1,0,35,0,3,0,0,0,0
11,,1.5,15,24,120,91,9 ,0.09890 ,5.6,0.0357143,1,0,0,0,0,0,0,0,0,0,1,0,53,0,1,1,1,1,1
12,,0.8,14,6,86,162,7 ,0.04321 ,41.5883496,0.0194175,0,0,0,0,0,0,1,0,0,0,0,0,36,0,1,0,1,0,1
13,,1,10,3,96,52,9 ,0.17308 ,3.3,0.0909091,0,0,0,1,0,0,0,0,0,0,0,1,32,1,5,0,1,0,0
14,,10,15,6,110,315,35 ,0.11111 ,15.372172,0.0217391,1,0,0,0,0,0,0,0,0,0,1,0,38,0,4,1,1,0,0
15,,0.5,18,18,56,155,24 ,0.15484 ,5.14284,0.0666667,0,0,0,1,0,0,0,0,0,0,0,1,35,0,2,0,1,0,0
16,,3,15,9,96,175,14 ,0.08000 ,8.116164,0.0721649,1,0,0,0,0,0,0,0,0,0,1,0,37,1,5,1,0,1,0
17,,0.8,15,12,96,109,8 ,0.07339 ,14.4,0.0416667,1,0,0,0,0,1,0,0,0,0,1,0,29,0,4,1,1,1,0
18,,5,15,9,96,22,2 ,0.09091 ,1.733332,0,1,0,0,0,0,0,0,0,0,0,1,0,53,0,5,1,1,0,0
19,,0.5,20,3,0,62,24 ,0.38710 ,0.890908,0.102041,0,0,0,1,1,0,0,0,0,0,1,0,51,1,5,0,0,0,0
20,,4,15,9,58,90,13 ,0.14444 ,6.054716,0,1,0,0,0,0,0,0,0,0,0,1,0,30,1,4,1,0,0,0
21,,0.5,15,12,111,60,8 ,0.13333 ,4.8,0.0833333,1,0,0,1,1,0,0,1,0,0,0,0,35,0,1,0,1,0,0
22,,6,15,6,111,179,30 ,0.16760 ,9.234716,0.0188679,1,0,0,0,0,0,0,0,0,1,0,0,50,0,5,0,1,0,0
23,,0.3,15,3,21,52,4 ,0.07692 ,4.4,0.030303,0,0,0,0,0,1,0,0,0,0,0,1,45,0,3,1,1,0,1
24,,1,15,18,127,89,7 ,0.07865 ,11.6,0.0517241,1,0,0,0,1,1,0,0,0,0,1,0,37,0,5,1,1,0,1
25,,0.8,10,3,111,75,10 ,0.13333 ,9,0.0444444,1,0,0,1,0,0,0,0,0,0,0,1,37,0,4,0,1,0,0
26,,0.6,15,24,55,56,7 ,0.12500 ,7.65,0.09375,0,0,0,1,0,1,0,0,1,0,0,0,40,0,1,0,1,0,0
27,,0.3,10.5,3,135,78,1 ,0.01282 ,10,0.08,0,0,0,1,0,0,0,0,0,0,0,1,30,0,3,1,1,0,0
28,,0.3,10,3,141,50,6 ,0.12000 ,6.2,0.0967742,0,0,0,0,0,0,0,1,0,0,0,0,30,1,4,0,1,0,1
29,,18,15,12,99,287,29 ,0.10105 ,14.4647192,0.0449438,1,0,0,0,0,0,0,0,0,0,1,0,41,0,3,0,1,0,0
30,,30,15,12,131,295,29 ,0.09830 ,17.80482,0.0361446,1,0,0,0,0,0,0,0,0,0,1,0,43,0,5,0,1,0,0
31,,0.5,13,9,121,253,24 ,0.09486 ,9.534888,0.0126583,1,1,0,1,1,0,1,0,0,0,0,0,34,0,1,0,1,0,1
32,,15,15,12,111,74,8 ,0.10811 ,8,0,1,0,0,0,0,0,0,0,0,0,1,0,45,0,5,1,0,0,0
33,,3,15,12,38,140,10 ,0.07143 ,9.562164,0.0405405,1,0,0,0,0,0,0,0,0,0,1,0,32,1,5,1,1,0,0
34,,2,18,6,136,164,20 ,0.12195 ,8.325032,0,1,0,0,0,0,0,0,0,0,0,0,1,36,0,2,1,1,0,0
35,,35,13,3,162,66,8 ,0.12121 ,4.5,0.0222222,0,0,0,0,1,1,0,0,0,0,1,0,31,0,4,1,1,0,0
36,,0.5,12,6,135,57,6 ,0.10526 ,3.6,0.111111,0,0,0,0,0,0,0,0,0,0,0,1,53,0,2,1,1,0,0
37,,6,15,9,110,277,17 ,0.06137 ,11.41668,0.0125,1,0,0,0,0,0,0,0,0,0,1,0,39,0,4,1,1,0,0
38,,25,15,12,131,308,5 ,0.01623 ,16.790324,0.0129032,1,0,0,0,0,0,0,0,0,1,0,0,62,0,4,0,1,0,0
39,,3,18,6,121,92,9 ,0.09783 ,7.94074,0.0925926,0,0,0,1,0,1,0,0,0,0,1,0,51,0,3,1,1,0,0
40,,0.5,16,12,98,54,6 ,0.11111 ,13.2,0.151515,1,0,0,1,0,0,0,0,0,0,1,0,26,1,1,0,0,0,0
41,,10,15,12,94,353,30 ,0.08499 ,12.480744,0.03482588,1,0,0,0,0,0,0,0,0,1,0,0,47,0,2,0,0,0,0
42,,0.3,16,3,93,78,8 ,0.10256 ,5.716328,0.0408163,0,1,0,0,0,0,0,0,0,0,0,1,33,0,1,1,1,1,0
43,,18,15,12,110,49,6 ,0.12245 ,1.666668,0.08,1,0,0,0,0,1,0,0,0,0,1,0,41,0,3,0,0,0,0
44,,15,15,12,70,401,39 ,0.09726 ,12.479218,0.0411523,1,0,0,0,0,0,0,0,0,0,1,0,47,0,5,1,0,0,0
45,,8,13,9,67,52,4 ,0.07692 ,3.733332,0.107143,1,0,0,0,1,1,0,0,0,0,1,0,38,0,3,0,1,0,0
46,,1.5,16,12,210,61,5 ,0.08197 ,9.422224,0.111111,1,0,0,0,1,1,0,0,0,1,0,0,33,0,3,1,1,0,1
47,,0.8,10,3,123,56,5 ,0.08929 ,3.6,0,1,0,0,0,0,0,0,0,0,0,1,0,31,0,1,0,1,0,0
48,,25,15,12,75,437,52 ,0.11899 ,18.34776,0.00386101,1,0,0,0,0,0,0,0,0,0,1,0,32,0,5,1,1,0,0
49,,0.4,15,24,95,68,8 ,0.11765 ,8.8,0.113636,1,0,0,1,0,1,0,1,0,0,0,0,37,0,1,0,1,0,0
50,,3,15,12,95,279,41 ,0.14695 ,14.318084,0.0479042,1,0,0,0,0,0,0,0,0,0,1,0,47,0,4,1,0,0,0
51,,25,15,12,131,391,30 ,0.07673 ,13.35254,0.0271493,1,0,0,0,0,0,0,0,0,0,1,0,56,0,5,0,0,0,0
52,,0.5,15,3,82,217,23 ,0.10599 ,5.2452032,0.0406504,1,0,0,0,1,1,0,0,0,0,1,0,34,0,1,1,0,0,0
53,,25,15,12,78,218,28 ,0.12844 ,26.15238,0,1,0,0,0,0,0,0,0,0,1,0,0,51,0,5,1,1,0,0
54,,3,13,9,95,153,16 ,0.10458 ,9.34944,0.0561798,1,0,0,0,0,0,0,0,0,0,1,0,36,0,4,0,0,0,0
55,,35,11,3,161,41,5 ,0.12195 ,5.4,0.037037,1,0,0,0,1,0,0,0,0,0,1,0,33,0,4,1,1,0,1
56,,5,13,6,95,191,25 ,0.13089 ,7.8238228,0.0357143,1,0,0,0,0,0,0,0,0,0,1,0,48,0,5,1,0,0,0
57,,15,13,6,110,125,13 ,0.10400 ,6.75282,0.0769231,1,0,0,0,0,1,0,0,0,0,1,0,40,0,4,1,0,0,0
58,,0.5,24,12,58,63,7 ,0.11111 ,2.666668,0.05,0,0,0,1,0,0,1,0,0,0,0,0,36,0,1,0,1,0,1
59,,0.8,15,6,111,52,5 ,0.09615 ,6.2,0.0322581,1,0,0,0,0,0,0,0,0,0,1,0,33,0,2,1,0,0,0
60,,25,15,12,78,394,44 ,0.11168 ,13.730316,0.0263158,1,0,0,0,0,0,0,0,0,0,1,0,48,0,4,1,1,0,0
61,,0.5,11,6,34,60,7 ,0.11667 ,13.2,0.0606061,0,0,0,0,0,0,0,0,0,0,1,0,36,0,3,0,0,0,0
62,,20,13,6,131,53,7 ,0.13208 ,4.13332,0,0,0,0,0,1,0,0,0,0,0,1,0,48,0,3,1,1,0,0
63,,5,15,9,95,102,11 ,0.10784 ,14.666668,0.0333333,1,0,0,0,0,0,0,0,0,1,0,0,48,0,4,1,1,0,0
64,,0.8,15,6,61,62,6 ,0.09677 ,14.4,0,0,0,0,0,0,0,0,0,0,0,0,1,42,0,1,0,0,0,0
65,,5,15,12,95,150,16 ,0.10667 ,7.870108,0.0322581,1,0,0,0,0,0,0,0,0,0,1,0,48,0,4,0,1,0,0
66,,5,13,6,59,282,42 ,0.14894 ,18.130232,0.0174419,1,0,0,0,0,0,0,0,0,0,1,0,61,0,4,0,0,0,0
67,,20,15,12,110,61,7 ,0.11475 ,4.66668,-0.0285714,1,0,0,0,0,0,0,0,0,0,1,0,45,0,5,0,0,0,0
68,,25,15,12,155,86,7 ,0.08140 ,22.727272,0.0545455,1,0,0,0,1,0,0,0,0,0,1,0,42,0,2,0,1,0,0
69,,35,15,12,132,57,8 ,0.14035 ,5.809536,0.114286,1,0,0,1,0,1,0,0,0,0,1,0,29,0,4,1,1,0,0
70,,15,15,12,111,28,4 ,0.14286 ,5.666668,0.2,0,0,0,0,0,0,0,0,0,0,1,0,37,0,5,1,0,0,0
71,,20,15,12,110,101,15 ,0.14851 ,13.425,0.015625,1,0,0,0,0,0,0,0,0,0,1,0,41,0,5,1,1,0,0
72,,0.5,15,12,130,60,4 ,0.06667 ,6.666668,0.05,1,0,0,0,0,0,0,0,0,1,0,0,27,1,2,0,0,0,0
73,,10,15,18,160,88,7 ,0.07955 ,12.289656,0,1,0,0,0,0,1,0,0,0,0,1,0,45,0,4,1,1,0,0
74,,25,15,12,131,80,12 ,0.15000 ,6.277776,0,1,0,0,0,0,0,0,0,0,0,1,0,34,0,5,1,0,0,0
75,,15,15,12,110,57,10 ,0.17544 ,7.4,0.0810811,1,0,0,0,1,0,0,0,0,0,1,0,36,0,5,1,1,0,0
76,,2,15,12,111,51,5 ,0.09804 ,11.93846,0.0769231,1,0,0,0,1,1,0,0,0,0,1,0,43,1,5,1,0,1,0
77,,10,15,12,97,72,4 ,0.05556 ,5.6,0.047619,0,0,0,1,0,0,0,0,0,0,1,0,39,0,4,1,1,0,0
78,,3,15,12,96,98,12 ,0.12245 ,5.466668,0.0333333,1,0,0,1,0,1,0,0,0,0,1,0,46,0,2,0,0,0,0
79,,5,12,6,111,96,1 ,0.01042 ,11.31428,0,1,0,0,0,0,0,0,0,0,0,1,0,34,0,5,1,1,0,1
80,,5,15,12,93,53,5 ,0.09434 ,6,0,0,0,0,0,0,0,0,0,0,0,1,0,43,0,5,1,0,0,0
81,,5,15,12,96,86,10 ,0.11628 ,4.08,0.0980392,1,0,0,1,0,1,0,0,0,0,1,0,36,0,3,1,1,0,0
82,,30,15,12,111,108,10 ,0.09259 ,26.367212,0,1,0,0,0,0,0,0,0,0,0,1,0,65,0,3,1,0,0,0
83,,5,15,18,131,61,7 ,0.11475 ,6.22564,0.0769231,1,0,0,0,0,0,0,0,0,0,1,0,30,0,0,1,1,0,0
84,,10,15,12,110,54,7 ,0.12963 ,4.26668,0.09375,1,0,0,0,1,0,0,0,0,0,1,0,47,0,5,1,1,0,0
85,,1,10,3,97,44,0 ,0.00000 ,8.8,0.136364,0,0,0,1,1,0,1,0,0,0,0,0,32,1,3,1,0,0,0
86,,0.5,18,9,96,55,10 ,0.18182 ,3.2,0,0,0,0,0,0,0,0,0,1,0,0,0,38,0,2,0,1,0,1
87,,25,15,12,131,63,7 ,0.11111 ,7.6,0,1,0,0,0,0,0,0,0,0,0,1,0,39,0,4,1,0,0,0
88,,3,15,12,95,53,3 ,0.05660 ,3,0.133333,0,0,0,1,1,1,0,0,0,0,1,0,37,0,4,0,0,0,0
89,,10,15,12,39,74,7 ,0.09459 ,6.442288,0.0731707,1,0,0,1,0,1,0,0,0,0,1,0,38,0,5,1,1,1,0
90,,15,15,12,110,109,7 ,0.06422 ,26,0.0307692,1,0,0,0,0,0,0,0,0,0,1,0,42,0,5,1,1,0,0
91,,5,16,24,78,55,7 ,0.12727 ,7,0.1142856,0,0,0,1,1,0,0,0,0,1,0,0,35,0,3,1,1,1,1
92,,5,13,6,94,8,0 ,0.00000 ,1.6,0,0,0,0,0,0,0,0,0,0,0,1,0,40,0,4,1,0,0,0
93,,20,15,12,111,87,6 ,0.06897 ,11.354716,0,1,0,0,0,0,0,0,0,0,0,1,0,48,0,3,1,1,0,0
94,,0.8,15,6,65,164,16 ,0.09756 ,8.371064,0.0744681,1,0,0,0,0,0,0,0,0,0,1,0,35,1,3,1,0,0,0
95,,1.5,16,24,110,87,9 ,0.10345 ,6.93332,0.0576923,0,0,0,0,1,1,0,1,0,0,0,0,38,0,1,0,1,0,1
96,,8,15,12,110,107,16 ,0.14953 ,14.666668,0.0166667,1,0,0,0,0,0,0,0,0,0,1,0,32,0,2,1,1,0,1
97,,2,15,24,58,70,7 ,0.10000 ,8.6,0.0697674,1,0,0,0,1,1,0,0,0,0,1,0,27,1,3,0,0,0,0
98,,10,15,12,110,73,8 ,0.10959 ,4.4,0.0909091,0,0,0,0,1,0,0,0,0,0,1,0,44,0,3,1,1,0,1
99,,0.8,12,6,91,52,7 ,0.13462 ,6.2,0.0967742,1,0,0,1,1,0,0,0,1,0,0,0,30,1,1,0,0,0,0
100,,0.5,15,6,22,70,10 ,0.14286 ,5.86668,0.0454545,0,0,0,1,0,0,0,0,0,0,0,1,39,0,2,0,0,0,0
101,,0.5,15,12,96,110,3 ,0.02727 ,6.6,0.16,0,0,1,0,1,1,1,0,0,0,0,0,42,0,1,1,1,0,0
102,,10,15,24,67,18,1 ,0.05556 ,4.4,0.181818,0,0,0,0,0,0,0,0,0,0,0,1,31,1,3,0,0,0,0
103,,2,13,6,67,89,11 ,0.12360 ,5.7,0.0350877,1,0,1,1,1,0,0,1,0,0,0,0,38,0,1,1,1,0,0
104,,7,13,6,150,29,0 ,0.00000 ,5.6,0.0714286,0,0,0,0,0,0,0,0,0,0,1,0,37,0,5,1,0,0,0
105,,1,18,6,96,57,5 ,0.08772 ,6.6,0.151515,1,0,0,1,1,0,0,0,0,1,0,0,36,0,1,1,0,0,0
106,,0.3,12,3,96,87,7 ,0.08046 ,7.2,0.037037,0,0,0,0,0,0,0,0,0,0,0,1,30,0,2,0,0,0,0
107,,10,14,12,84,40,3 ,0.07500 ,5.4,0.037037,1,0,0,0,0,0,0,0,0,0,1,0,35,0,4,1,0,0,0
108,,5,13,6,110,30,2 ,0.06667 ,3.4,0,0,0,0,0,0,0,0,0,0,0,1,0,37,0,3,1,0,0,0
109,,10,13,3,111,171,20 ,0.11696 ,19.269564,0,1,0,0,0,0,0,0,0,0,1,0,0,40,0,4,1,1,0,0
110,,0.3,10,3,210,63,6 ,0.09524 ,5.1,0,0,0,0,0,0,0,0,0,0,0,0,1,33,0,1,1,1,0,0
111,,0.5,18,6,99,66,5 ,0.07576 ,5.33332,0.125,0,0,0,0,1,0,0,0,0,0,0,1,27,1,1,0,1,0,0
112,,8,14,12,150,60,3 ,0.05000 ,6.4,0,0,0,0,0,0,0,0,0,0,1,0,0,53,0,4,1,1,0,0
113,,8,14,12,84,16,2 ,0.12500 ,8.2,0,0,0,0,0,0,0,0,0,0,0,1,0,35,1,5,0,0,0,0
114,,0.3,15,12,98,64,13 ,0.20313 ,2.55,0.254902,0,0,0,0,0,0,1,0,0,0,0,0,36,0,2,1,1,0,0
115,,10,13,6,111,121,8 ,0.06612 ,7.388236,0.0294118,1,0,0,0,0,0,0,0,0,1,0,0,38,0,4,1,1,0,1
116,,3,15,9,67,52,1 ,0.01923 ,6,0,1,0,0,1,0,0,0,0,0,1,0,0,36,0,4,0,0,0,0
117,,4,15,12,53,52,5 ,0.09615 ,4.26668,0.03125,1,0,0,0,0,0,0,0,0,0,1,0,31,1,2,1,1,0,0
118,,1,13,9,95,53,5 ,0.09434 ,7.8,0.025641,0,0,1,0,0,0,1,0,0,0,0,0,34,0,3,1,0,0,0
119,,20,14,12,84,74,9 ,0.12162 ,8.6,0,1,0,0,0,0,0,0,0,0,0,1,0,44,0,5,0,1,0,0
120,,5,13,6,110,50,11 ,0.22000 ,1.2,0,1,0,0,0,0,0,0,0,0,0,1,0,43,0,4,0,0,0,0
121,,5,13,6,111,56,8 ,0.14286 ,4.66668,0.0571429,0,0,0,0,0,0,0,0,0,0,1,0,52,0,5,1,1,0,0
122,,1,16,12,120,87,16 ,0.18391 ,2.133332,0.166667,0,0,0,1,0,0,0,0,0,0,0,1,32,0,2,0,0,0,0
123,,30,14,12,87,51,6 ,0.11765 ,7.179312,0,1,0,0,0,0,0,0,0,0,0,1,0,46,0,4,0,1,0,0
124,,5,13,6,111,35,4 ,0.11429 ,6.10476,0,0,0,0,0,0,0,0,0,0,1,0,0,47,0,5,1,1,0,0
125,,15,11,6,151,234,20 ,0.08547 ,5.825078,0.07189545,1,0,0,0,1,0,0,0,0,0,1,0,33,0,3,0,0,0,0
126,,0.8,15,6,139,66,7 ,0.10606 ,9,0.111111,0,0,0,0,1,1,0,0,0,0,0,1,51,0,2,0,1,0,0
127,,5,13,6,110,65,3 ,0.04615 ,7.8,0.0512821,1,0,0,0,0,0,0,0,0,0,1,0,43,0,4,0,1,0,0
128,,10,14,12,150,41,4 ,0.09756 ,3.466668,0,1,0,0,0,0,0,0,0,0,0,1,0,36,0,4,0,1,0,0
129,,0.7,13,3,98,60,5 ,0.08333 ,4.8,0.0277778,1,0,0,1,0,0,0,0,0,0,0,1,35,1,2,0,0,0,0
130,,5,13,6,111,128,15 ,0.11719 ,4.51428,0.0506329,1,0,0,0,0,0,0,0,0,0,1,0,34,0,5,1,0,0,0
131,,1,11,6,113,65,1 ,0.01538 ,6.8,0.117647,1,0,0,1,0,0,0,0,0,0,0,1,50,0,3,0,1,0,0
132,,3,13,6,110,80,8 ,0.10000 ,4.8,0.0625,1,0,0,0,0,0,0,0,0,0,1,0,32,0,5,1,1,0,0
133,,15,14,12,130,98,10 ,0.10204 ,24.277968,0.0338983,1,0,0,0,0,0,0,0,0,0,1,0,40,0,5,1,1,0,0
134,,0.3,10,3,96,64,2 ,0.03125 ,8,0.1,0,0,0,0,1,0,0,0,0,0,0,1,32,0,1,0,0,0,0
135,,2,11,6,111,51,8 ,0.15686 ,2.48,0.129032,0,0,0,0,0,0,0,0,0,0,0,1,32,0,2,0,1,0,1
136,,45,14,12,191,64,7 ,0.10937 ,7.4,0.027027,1,0,0,0,0,0,0,0,0,0,1,0,52,0,4,1,1,0,0
137,,10,14,12,33,60,6 ,0.10000 ,9.422224,0.0277778,1,0,0,0,1,0,0,0,0,0,1,0,56,0,5,0,1,0,0
138,,50,15,12,180,51,3 ,0.05882 ,5.8,0.0689655,0,0,0,0,0,0,0,0,0,0,1,0,40,0,3,1,1,0,1
139,,5,13,6,110,58,7 ,0.12069 ,2.85,0,1,0,0,0,0,0,0,0,0,0,1,0,44,0,3,1,1,0,0
140,,4,13,6,111,110,18 ,0.16364 ,13.997016,0.0149254,0,0,0,0,0,0,0,0,0,0,1,0,47,0,5,1,1,0,0
141,,15,14,12,151,55,4 ,0.07273 ,3.866668,0.0689655,1,0,0,0,0,1,0,0,0,0,1,0,59,0,4,0,1,0,0
142,,1.5,15,12,87,67,8 ,0.11940 ,18.4,0.0434783,0,0,0,0,0,0,0,0,0,0,1,0,38,0,5,1,1,1,0
143,,1,16,12,133,28,4 ,0.14286 ,7.6,0.0526316,0,0,1,0,1,0,0,1,0,0,0,0,30,1,2,1,1,1,1
144,,5,13,6,111,66,4 ,0.06061 ,7.8,0,1,0,0,0,0,0,0,0,0,0,1,0,48,0,4,1,1,0,0
145,,4,13,6,110,20,4 ,0.20000 ,2.6,0,0,0,0,0,0,0,0,0,0,0,1,0,40,0,5,1,0,0,0
146,,4.3,11,6,78,84,1 ,0.01190 ,9.4,0.0638298,1,0,0,1,0,0,0,0,0,0,1,0,31,0,5,1,1,0,0
147,,0.8,13,3,86,51,7 ,0.13725 ,6.2,0.0322581,1,0,0,0,1,0,0,0,0,1,0,0,35,0,2,1,1,0,0
148,,3,13,6,111,53,0 ,0.00000 ,10.8,0.148148,0,0,0,0,1,0,0,0,0,1,0,0,43,0,4,1,0,0,0
149,,5,13,6,111,33,0 ,0.00000 ,7.2,0.0555556,0,0,0,0,0,0,0,0,0,1,0,0,58,0,4,1,1,0,0
150,,5,13,6,111,72,6 ,0.08333 ,9,0.0666667,0,0,0,0,0,0,0,0,0,0,1,0,42,0,4,1,1,0,1
151,,0.8,15,9,86,74,8 ,0.10811 ,10.6,0,1,0,0,1,0,0,1,0,0,0,0,0,37,0,2,1,0,0,0
152,,5,13,6,111,99,7 ,0.07071 ,12.666668,0.0666666,1,0,0,0,0,0,0,0,0,0,1,0,37,0,5,1,1,0,0
153,,4,13,6,110,285,25 ,0.08772 ,14.078564,0.0299401,1,0,0,0,0,0,0,0,0,1,0,0,43,0,4,1,0,0,0
154,,5,18,12,64,61,6 ,0.09836 ,15.2,0,0,0,0,0,0,0,0,0,0,0,1,0,27,1,3,0,0,0,0
155,,30,14,12,130,61,4 ,0.06557 ,14.8,0.108108,0,0,0,0,0,0,0,0,0,0,1,0,41,0,5,1,1,0,0
156,,5,13,6,110,115,12 ,0.10435 ,13.615384,0.0307692,0,0,0,0,0,0,0,0,0,0,1,0,35,0,5,1,1,0,0
157,,0.8,11,6,112,82,7 ,0.08537 ,5.2,0.0384615,1,0,1,0,0,0,0,0,0,0,1,0,39,0,2,1,1,0,0
158,,3,13,6,111,69,9 ,0.13043 ,8,0,1,0,0,0,0,0,0,0,0,1,0,0,44,0,4,1,1,0,0
159,,0.3,20,3,81,59,8 ,0.13559 ,8.8,0.0454545,0,0,0,1,0,0,0,0,0,0,0,1,37,0,1,1,1,0,0
160,,0.5,10,3,92,54,4 ,0.07407 ,7.2154,0.115385,0,0,1,0,1,0,0,0,0,0,0,1,31,0,3,1,1,0,1
161,,3,13,6,111,144,19 ,0.13194 ,8.442104,0.0736842,1,0,0,0,0,0,0,0,0,0,1,0,42,0,5,0,0,0,0
162,,2,15,12,0,52,7 ,0.13462 ,4.26668,0,1,0,0,0,0,0,0,0,0,0,1,0,34,0,4,0,1,0,1
163,,5,13,6,111,57,7 ,0.12281 ,5.51668,0,1,0,0,0,0,0,0,0,0,0,1,0,41,0,4,1,1,0,0
164,,5,14,12,54,175,20 ,0.11429 ,11.821496,0.0560748,1,0,0,0,0,0,0,0,0,0,1,0,52,0,5,0,1,0,0
165,,2,12,3,150,55,5 ,0.09091 ,13.6,0,0,0,0,0,0,0,1,0,0,0,0,0,42,0,4,0,1,0,1
166,,3,15,6,110,291,26 ,0.08935 ,12.059772,0.0229885,1,0,0,1,1,0,0,0,0,0,1,0,28,0,5,1,1,1,1
167,,0.5,15,12,98,51,6 ,0.11765 ,2.2,0.0606061,0,0,0,0,0,0,0,1,0,0,0,0,33,1,1,1,0,1,0
168,,1,10,3,129,64,7 ,0.10938 ,11.50588,0,0,1,0,1,0,0,0,1,0,0,0,0,44,0,1,0,1,0,0
169,,5,14,12,84,61,7 ,0.11475 ,4.66668,0,0,0,0,0,0,0,0,0,0,0,1,0,61,0,5,0,1,0,0
170,,15,14,12,111,58,6 ,0.10345 ,5.06668,0.0263158,0,0,1,0,0,1,0,0,0,0,1,0,44,0,4,0,0,0,0
171,,5,14,12,150,71,7 ,0.09859 ,5.73332,0.0465116,0,0,0,1,0,0,0,0,0,0,1,0,53,0,5,1,1,0,0
172,,20,14,12,112,133,15 ,0.11278 ,10.4,0.0512821,1,0,0,1,0,1,0,0,0,1,0,0,45,0,5,1,1,0,0
173,,3,14,12,151,80,10 ,0.12500 ,6.53332,0.0204082,1,0,0,0,0,0,0,0,0,0,1,0,35,0,4,1,1,0,0
174,,8,14,12,84,10,1 ,0.10000 ,2,0,0,0,0,0,0,0,0,0,0,1,0,0,58,0,5,1,1,0,0
175,,1.5,17,6,74,58,8 ,0.13793 ,4.651284,0,1,0,1,0,0,0,0,0,0,0,1,0,28,0,2,1,0,0,0
176,,0.7,19,6,98,50,6 ,0.12000 ,4.26668,0.125,0,0,1,0,1,0,1,0,0,0,0,0,37,0,1,1,1,0,0
177,,1.5,15,12,141,81,8 ,0.09877 ,9.6,0.0208333,1,0,0,0,0,0,1,0,0,0,0,0,34,0,5,1,1,0,1
178,,5,14,12,74,119,14 ,0.11765 ,10.35942,0.0289855,0,0,0,0,0,0,0,0,0,0,0,1,48,0,5,0,1,0,0
179,,0.3,10,3,121,50,7 ,0.14000 ,4.53332,0.0882353,0,0,0,0,0,0,0,0,0,0,0,1,33,0,1,0,1,0,0
180,,30,14,12,132,74,6 ,0.08108 ,5.15238,0.0238095,1,0,0,0,0,0,0,0,0,1,0,0,40,0,5,1,1,0,0
181,,1,11,3,91,50,6 ,0.12000 ,2.9,0.103448,0,0,0,0,0,0,0,0,1,0,0,0,39,0,3,1,1,1,0
182,,0.3,10,3,93,63,15 ,0.23809 ,1.8,0.133333,0,0,0,0,0,0,0,0,0,0,0,1,26,1,2,0,0,0,0
183,,2,15,12,51,70,14 ,0.20000 ,3.5,0.2,0,0,0,0,0,0,1,0,0,0,0,0,40,0,4,1,1,0,1
184,,1.2,12,6,152,51,6 ,0.11765 ,6.4,0.03125,1,0,0,0,0,0,0,0,0,0,1,0,27,1,3,1,0,0,0
185,,5,13,12,111,93,10 ,0.10753 ,11.727272,0,1,0,0,0,0,0,0,0,0,0,1,0,45,0,4,1,0,0,0
186,,25,13,12,110,51,5 ,0.09804 ,7.333332,0,0,0,0,0,0,0,0,0,0,0,1,0,44,0,5,1,1,0,0
187,,1,15,12,49,74,9 ,0.12162 ,6.13332,0.0652174,1,0,0,1,0,0,0,0,0,0,1,0,44,0,2,1,1,1,1
188,,1,12,6,59,56,2 ,0.03571 ,8.9,0,0,0,0,1,0,0,0,0,0,0,1,0,26,1,3,0,0,0,0
189,,2,11,6,111,75,7 ,0.09333 ,9.35238,0,1,0,0,0,0,0,0,0,0,1,0,0,27,0,5,1,1,1,1
190,,0.5,18,9,45,60,4 ,0.06667 ,13.333332,0,1,0,0,0,0,0,0,0,0,0,1,0,38,0,3,1,0,0,0
191,,0.5,15,12,79,58,1 ,0.01724 ,7.4,0.027027,1,0,1,0,0,0,0,0,1,0,0,0,25,0,2,0,0,0,0
192,,1,11,6,90,75,9 ,0.12000 ,20.4,0,0,0,1,0,0,0,0,0,0,0,0,1,28,1,1,1,1,1,0
193,,5,13,12,110,77,8 ,0.10390 ,9.4,0.0425532,1,0,0,1,0,0,0,0,0,0,1,0,32,0,4,1,1,0,0
194,,5,13,12,97,140,13 ,0.09286 ,17,0.0235294,1,0,0,0,0,0,0,0,0,0,1,0,51,0,5,1,1,0,0
195,,5,18,3,76,55,7 ,0.12727 ,3.2,0.0625,1,0,0,1,0,0,0,0,0,0,1,0,35,0,5,1,1,0,0
196,,0.8,15,12,56,65,0 ,0.00000 ,16,0.05,1,0,0,0,0,0,0,0,0,0,1,0,34,0,1,0,1,0,0
197,,7.5,13,12,48,24,5 ,0.20833 ,7.6,0,0,0,0,0,0,0,0,0,0,0,1,0,41,0,5,1,1,0,0
198,,2,13,12,48,53,3 ,0.05660 ,13.6,0,0,0,0,0,0,0,0,0,0,0,1,0,34,1,4,1,0,0,0
199,,1.5,12,6,111,88,8 ,0.09091 ,6.227272,-0.0181818,1,1,0,0,0,0,0,1,0,0,0,0,51,0,1,0,1,0,1
200,,0.8,13,12,90,41,2 ,0.04878 ,10.939132,0,0,0,0,0,0,0,0,1,0,0,0,0,42,1,1,1,1,0,0
201,,1,15,12,115,86,16 ,0.18605 ,1.7,0.294118,0,0,0,0,0,0,1,0,0,0,0,0,32,0,4,1,1,0,0
202,,1,15,3,57,65,4 ,0.06154 ,3.9,0.102564,0,0,0,0,0,1,0,1,0,0,0,0,28,1,3,0,1,0,1
203,,1.5,15,12,65,72,10 ,0.13889 ,3.498136,0.0434783,1,1,0,0,0,1,0,1,0,0,0,0,57,0,1,1,1,0,0
204,,15,13,12,60,56,6 ,0.10714 ,5.51668,0,0,0,0,0,0,0,0,0,0,1,0,0,38,0,4,0,0,0,0
205,,0.8,15,3,65,100,10 ,0.10000 ,14.230768,0,0,1,0,1,0,0,0,1,0,0,0,0,36,0,1,0,1,0,0
206,,0.8,15,12,96,56,6 ,0.10714 ,15.2,0.105263,0,0,0,0,0,1,0,0,1,0,0,0,31,0,2,1,1,0,0
207,,0.8,13,6,54,50,8 ,0.16000 ,14,0,0,0,0,0,0,0,0,0,0,1,0,0,27,0,0,0,0,0,0
208,,0.3,10,3,89,63,1 ,0.01587 ,6.88148,0.0370371,0,0,0,1,0,0,1,0,0,0,0,0,27,1,2,1,0,0,0
209,,0.8,12,6,56,46,6 ,0.13043 ,11.2,0.0714286,1,0,0,0,0,0,1,0,0,0,0,0,30,1,2,0,0,0,0
210,,0.5,13,3,97,55,5 ,0.09091 ,13.6,0,0,0,0,0,0,1,0,1,0,0,0,0,29,1,2,0,0,0,0
211,,3,13,12,90,128,0 ,0.00000 ,25.6,0,0,0,0,0,0,0,0,0,0,0,1,0,49,0,4,1,0,0,0
212,,1,16,12,48,68,0 ,0.00000 ,13.6,0.0588235,1,0,0,0,1,1,0,0,0,1,0,0,26,1,1,0,0,0,0
213,,1,15,24,0,102,16 ,0.15686 ,5.414624,0.0684932,0,0,0,0,0,0,0,0,0,0,0,1,54,0,1,0,1,0,0
214,,0.5,15,12,48,77,6 ,0.07792 ,9.2,0,0,0,0,1,0,0,0,1,0,0,0,0,33,0,1,0,0,0,0
215,,2.5,10,3,112,65,8 ,0.12308 ,5.86668,0,0,1,0,1,0,0,1,0,0,0,0,0,54,0,2,1,1,0,0
216,,0.8,10,3,121,67,7 ,0.10448 ,6.663552,0,0,1,0,0,1,0,1,0,0,0,0,0,35,0,3,1,1,0,0
217,,1,12,9,91,61,6 ,0.09836 ,7,0.0857143,1,0,0,1,1,0,0,0,0,1,0,0,29,1,3,0,0,0,0
218,,0.3,10,3,138,80,9 ,0.11250 ,11.2,0,0,0,0,0,0,0,0,0,0,0,0,1,34,1,2,0,1,0,1
219,,0.5,10,3,125,56,6 ,0.10714 ,7.2,0.0555556,1,0,0,0,1,0,0,0,0,0,1,0,31,0,1,1,1,0,0
220,,0.3,10,3,121,104,7 ,0.06731 ,6.888888,0.0444444,0,0,0,0,0,0,0,0,0,0,0,1,42,0,2,0,1,0,1
221,,4,15,12,50,57,4 ,0.07018 ,3.1,0,1,0,0,0,0,0,0,0,0,0,1,0,32,0,3,1,1,0,0
222,,3,11,6,91,90,0 ,0.00000 ,18,0,0,0,0,0,0,0,0,1,0,0,0,0,32,0,5,1,1,0,0
223,,3,13,12,32,136,20 ,0.14706 ,10.659636,0.0131579,1,0,0,0,0,0,0,0,0,0,1,0,46,0,5,1,1,0,0
224,,2,18,3,74,51,4 ,0.07843 ,5.4,0,0,0,0,0,0,0,0,1,0,0,0,0,36,0,2,1,1,1,0
225,,3,17,24,41,59,7 ,0.11864 ,4.642856,0.0285715,0,0,0,1,0,1,0,0,0,0,1,0,26,1,4,1,0,0,0
226,,9.5,12,6,153,102,11 ,0.10784 ,13.8,0.0434782,0,0,1,0,0,0,1,0,0,0,0,0,36,0,3,1,1,0,1
227,,2,15,24,0,100,12 ,0.12000 ,5.815384,0.107692,1,1,0,0,1,0,0,1,0,0,0,0,27,1,3,0,1,0,0
228,,2.5,15,24,35,70,6 ,0.08571 ,3,0.0666667,1,0,0,0,0,0,0,1,0,0,0,0,25,1,3,0,1,0,0
229,,2.5,15,12,91,50,6 ,0.12000 ,5.333332,-0.0666667,0,0,0,0,0,0,0,1,0,0,0,0,30,1,2,0,0,0,0
230,,0.6,15,12,116,52,8 ,0.15385 ,6,0.133333,1,0,0,0,1,0,0,0,0,0,0,1,42,0,2,1,0,0,0
231,,0.3,23,9,40,99,11 ,0.11111 ,4.6,0.057971,0,0,1,0,0,0,0,0,0,0,0,1,28,1,1,0,0,0,0
232,,3,12,9,118,62,9 ,0.14516 ,3.7,0.108108,0,0,0,1,1,0,0,0,0,0,0,1,32,0,2,0,0,0,0
233,,2,15,12,50,158,19 ,0.12025 ,8.85818,0.0113636,1,0,0,0,0,0,0,0,0,0,1,0,53,0,4,1,1,0,0
234,,1,12,3,58,63,6 ,0.09524 ,7.4,0.0540541,0,0,0,0,1,0,1,0,0,0,0,0,39,1,2,0,1,0,0
235,,5,13,12,96,51,6 ,0.11765 ,7.490324,0,1,0,0,0,0,0,0,0,0,0,1,0,38,0,2,0,0,0,0
236,,4,15,12,121,66,5 ,0.07576 ,5.73332,0.0465116,1,0,0,0,0,0,0,0,0,0,1,0,32,0,4,1,1,1,1
237,,2,15,24,93,56,7 ,0.12500 ,7.4,0.108108,0,0,0,1,0,1,1,0,0,0,0,0,25,1,1,0,0,0,0
238,,3,12,9,97,39,5 ,0.12821 ,6.339132,0.0434783,0,1,0,0,0,0,0,0,0,1,0,0,31,0,1,0,1,0,1
239,,3,13,12,31,80,7 ,0.08750 ,9.4,0.0212766,1,0,0,0,0,0,0,0,0,0,1,0,46,0,3,0,1,0,0
240,,2,15,12,98,25,2 ,0.08000 ,3,0,0,0,0,0,0,0,0,1,0,0,0,0,33,0,1,0,1,0,0
241,,3,12,6,111,26,5 ,0.19231 ,2.133332,0.25,0,0,0,1,1,0,0,0,0,0,1,0,26,1,5,0,0,0,0
242,,0.3,10,3,98,29,4 ,0.13793 ,3.6,0.0555556,0,0,0,1,0,0,0,0,0,0,0,1,36,0,2,1,1,0,1
243,,3,15,24,84,372,55 ,0.14785 ,5.990552,0.0239234,1,1,0,0,0,0,0,0,1,0,0,0,38,0,3,0,1,0,1
244,,2.5,15,24,91,47,5 ,0.10638 ,3.866668,0.0344828,0,0,0,0,0,0,0,1,0,0,0,0,43,0,2,0,1,0,0
245,,1,20,12,61,25,2 ,0.08000 ,5.6,0,0,0,0,0,0,0,0,1,0,0,0,0,34,0,1,0,0,0,0
246,,0.8,12,6,66,22,3 ,0.13636 ,2.6,0.0769231,0,0,0,1,0,0,1,0,0,0,0,0,26,0,2,1,1,1,0
247,,2,15,24,90,59,8 ,0.13559 ,8.652632,0.0263158,1,0,0,0,0,1,0,1,0,0,0,0,50,0,2,0,1,0,0
248,,2,15,12,49,113,9 ,0.07965 ,6.380964,0.0142857,1,1,0,1,1,0,0,1,0,0,0,0,49,0,2,0,1,0,1
249,,3,16,18,36,51,6 ,0.11765 ,3.733332,0.0666667,1,0,0,0,0,1,0,0,0,0,1,0,47,0,4,0,1,0,1
250,,2,11,6,96,56,3 ,0.05357 ,14.4,0,1,0,0,0,0,0,0,0,0,1,0,0,31,0,4,0,1,0,1
251,,0.8,15,12,85,21,4 ,0.19048 ,2.6,0,0,0,0,0,0,0,0,1,0,0,0,0,28,1,1,0,0,0,0
252,,3,13,12,48,123,20 ,0.16260 ,6.46054,0,1,0,0,1,0,0,0,0,0,0,1,0,44,0,5,1,1,0,0
253,,2,15,12,29,71,7 ,0.09859 ,9.851284,0.0512821,1,0,0,0,0,0,0,1,0,0,0,0,26,1,1,0,0,0,0
254,,2,11,6,150,32,3 ,0.09375 ,2.4,0,1,0,0,0,0,0,0,0,1,0,0,0,28,1,2,0,0,0,0
255,,0.8,13,9,89,53,5 ,0.09434 ,12.8,0.0625,0,0,1,0,1,0,1,0,0,0,0,0,39,0,4,0,0,0,0
256,,0.5,15,3,99,36,4 ,0.11111 ,5.2,0.0384615,0,0,1,0,0,1,1,0,0,0,0,0,31,0,1,0,1,0,0
257,,0.3,15,12,89,23,4 ,0.17391 ,2.8,0.214286,0,0,0,0,1,1,1,0,0,0,0,0,34,1,1,0,0,0,0
258,,3,13,12,38,25,2 ,0.08000 ,6,0,1,0,0,0,0,0,0,0,0,0,1,0,40,0,5,1,1,0,0
259,,2,11,6,94,80,6 ,0.07500 ,9,0.0444444,0,1,0,0,0,0,0,0,1,0,0,0,34,0,2,0,0,0,0
260,,4,13,12,87,55,5 ,0.09091 ,3.2,0,1,0,0,0,0,0,0,0,0,1,0,0,39,0,5,1,1,0,0
261,,2,15,18,37,26,3 ,0.11538 ,3.2,0.0625,0,0,0,0,0,0,0,0,0,0,1,0,37,0,2,0,1,0,0
262,,0.5,13,3,92,18,0 ,0.00000 ,3.2,0,0,0,0,0,0,0,1,0,0,0,0,0,25,0,2,1,0,0,0
263,,3,11,6,97,30,2 ,0.06667 ,8.9,0.0625,1,0,0,0,0,0,1,0,0,0,0,0,39,0,3,0,1,0,1
264,,3,13,12,69,28,2 ,0.07143 ,6.8,0.0588235,0,0,0,0,0,0,0,0,0,0,1,0,48,0,3,0,0,0,0
265,,2,15,24,0,33,3 ,0.09091 ,3.8,0.0526316,1,0,0,1,0,0,0,1,0,0,0,0,47,0,1,0,1,0,1
266,,4,13,12,112,34,5 ,0.14706 ,2.933332,0.0454545,0,0,0,0,0,0,0,0,0,0,1,0,45,0,3,1,1,0,0
267,,0.5,15,6,99,29,3 ,0.10345 ,2.266668,0.176471,1,0,0,0,1,1,0,0,1,0,0,0,39,0,1,0,0,0,0
268,,3,11,6,89,119,13 ,0.10924 ,9.024244,0,1,0,0,0,0,0,0,0,0,0,1,0,49,0,5,0,0,0,0
269,,0.5,10,3,78,24,2 ,0.08333 ,3,0,0,0,0,0,0,0,1,0,0,0,0,0,40,1,1,0,0,0,0
270,,6,15,12,150,45,5 ,0.11111 ,3.866668,0.103448,1,0,1,0,1,0,0,0,0,0,1,0,28,1,0,0,0,0,0
271,,1,15,12,53,40,4 ,0.10000 ,10,0.04,0,0,0,0,1,0,0,0,0,0,1,0,28,0,2,0,0,0,0
272,,1,16,24,119,42,5 ,0.11905 ,3.733332,0,1,0,0,1,0,0,0,1,0,0,0,0,34,1,1,0,0,0,0
273,,2,13,12,28,27,3 ,0.11111 ,3.4,0,1,0,0,0,0,0,0,0,0,0,1,0,42,0,1,0,1,0,0
274,,0.5,11,6,98,20,2 ,0.10000 ,3.2,0,0,0,0,0,0,0,1,0,0,0,0,0,25,1,2,0,0,0,0
275,,1,15,24,121,28,0 ,0.00000 ,5.2,0.0769231,1,0,0,1,0,0,0,0,0,0,0,1,28,1,0,0,0,0,0
276,,0.8,15,24,29,30,3 ,0.10000 ,3.8,0,0,0,0,0,0,0,1,0,0,0,0,0,28,0,1,0,1,0,1
277,,1,16,12,90,29,3 ,0.10345 ,3.4,0,0,0,0,0,0,0,0,1,0,0,0,0,28,0,2,1,0,0,0
278,,0.5,12,9,119,24,3 ,0.12500 ,1.7,0.117647,0,0,0,0,0,0,1,0,0,0,0,0,29,1,2,1,0,0,0
279,,2,15,12,65,127,17 ,0.13386 ,5.2,0.0512821,0,0,0,0,1,1,1,0,0,0,0,0,35,1,2,0,1,0,1
280,,4,11,6,94,29,2 ,0.06897 ,6.4,0.0625,0,0,1,0,0,1,0,0,0,0,1,0,35,0,4,1,1,0,1
281,,3,11,6,56,24,4 ,0.16667 ,3,0,0,0,0,0,0,0,0,0,0,0,1,0,39,0,3,1,1,1,1
282,,2,15,24,0,23,3 ,0.13043 ,5.2,0,0,0,0,0,0,0,1,0,0,0,0,0,33,0,3,0,1,0,1
283,,3,13,12,33,50,5 ,0.10000 ,4.13332,0.0322581,1,0,0,0,0,0,0,0,0,0,1,0,56,0,4,1,1,0,1
284,,0.8,15,12,55,39,4 ,0.10256 ,6.21818,0,0,0,0,0,1,1,0,1,0,0,0,0,50,0,3,0,1,0,0
285,,2.5,15,9,55,26,1 ,0.03846 ,8.666668,0,0,0,0,0,0,0,0,1,0,0,0,0,44,0,2,0,1,0,0
286,,1,15,24,116,30,3 ,0.10000 ,8,0.05,0,0,0,0,0,1,1,0,0,0,0,0,31,0,2,0,0,0,0
287,,1,10,3,95,54,7 ,0.12963 ,14,0.0857143,1,0,0,0,0,0,0,0,0,0,1,0,38,0,4,0,0,0,0
288,,0.3,10,3,94,20,2 ,0.10000 ,4.4,0.181818,1,0,0,0,0,0,0,0,1,0,0,0,30,0,2,0,0,0,0
289,,1.5,11,6,60,65,4 ,0.06154 ,5.33332,0.025,0,0,0,0,0,0,0,1,0,0,0,0,38,0,1,0,0,0,0
290,,2,12,9,96,25,1 ,0.04000 ,6,0,0,0,0,0,0,0,0,0,0,1,0,0,32,0,1,0,1,0,1
291,,0.8,15,12,46,22,2 ,0.09091 ,1.733332,0.153846,0,0,0,0,0,1,0,1,0,0,0,0,28,1,2,0,0,0,0
292,,0.8,11,6,86,24,1 ,0.04167 ,5.2,0,0,0,0,0,0,0,1,0,0,0,0,0,28,1,3,0,0,0,0
293,,0.3,10,3,95,37,4 ,0.10811 ,10.61818,0.0454545,1,0,1,0,0,0,0,0,0,0,0,1,33,0,3,0,0,0,0
294,,1,15,12,128,47,6 ,0.12766 ,5.8,0,1,0,0,0,0,0,0,0,0,0,1,0,33,0,4,0,0,0,0
295,,1,20,24,0,22,2 ,0.09091 ,5.2,-0.0769231,1,0,0,0,0,0,0,0,0,0,1,0,41,0,1,0,0,0,0
296,,0.8,15,24,91,26,4 ,0.15385 ,6.4,-0.0625,0,0,0,0,0,0,0,1,0,0,0,0,33,0,2,0,0,0,0
297,,2.5,15,24,0,49,5 ,0.10204 ,4.333332,0.0333333,1,0,0,0,0,1,0,1,0,0,0,0,29,0,2,1,0,0,0
298,,2,15,12,121,20,1 ,0.05000 ,8.04444,0.111111,1,0,0,1,0,0,0,0,0,0,1,0,38,0,1,0,0,0,0
299,,1,15,12,52,46,0 ,0.00000 ,10.939132,0.0869567,1,0,0,1,1,1,0,1,0,0,0,0,25,1,2,0,0,0,0
300,,3,18,12,141,22,3 ,0.13636 ,8.133332,0,0,0,0,0,0,0,1,0,0,0,0,0,33,0,4,0,1,0,1
301,,0.8,15,12,119,39,4 ,0.10256 ,2.933332,0.136364,0,0,0,0,1,0,0,0,0,0,1,0,32,0,1,0,0,0,0
302,,1,15,12,99,24,3 ,0.12500 ,1.6,0,1,0,0,0,0,0,0,0,0,0,1,0,30,0,2,0,0,0,0
303,,1.5,10,3,90,29,3 ,0.10345 ,3.4,0,1,0,0,0,0,0,0,0,0,0,1,0,33,1,3,0,0,0,0
304,,1,10,3,69,25,1 ,0.04000 ,2.4,0,0,0,0,1,0,0,0,0,1,0,0,0,27,1,1,0,0,0,0
305,,1,11,6,75,71,4 ,0.05634 ,9.888888,0.0222222,0,0,0,1,0,0,1,0,0,0,0,0,36,0,1,0,1,0,0
306,,1,15,12,81,126,11 ,0.08730 ,11.047604,0.0142857,1,1,0,0,0,1,0,0,0,0,1,0,29,0,2,0,1,0,1
307,,0.8,15,12,47,33,0 ,0.00000 ,8,0.05,0,0,0,1,0,1,0,1,0,0,0,0,26,0,1,0,0,0,0
308,,0.5,15,6,44,21,2 ,0.09524 ,3,0,0,0,0,0,0,0,0,0,0,0,0,1,29,1,1,0,0,0,0
309,,1,12,6,89,24,3 ,0.12500 ,3,0.133333,0,0,0,0,1,1,0,1,0,0,0,0,30,0,1,0,0,0,0
310,,0.5,10,3,84,26,4 ,0.15385 ,3.4,0.294118,0,0,0,1,1,1,0,0,0,0,0,1,25,1,1,0,0,0,0
311,,0.8,10,3,58,22,1 ,0.04545 ,5.2,0,1,0,0,0,0,0,0,0,0,1,0,0,28,1,4,0,0,0,0
312,,2,15,24,0,20,3 ,0.15000 ,4.8,0.166667,0,0,0,1,1,0,0,1,0,0,0,0,30,1,1,0,1,0,0
313,,2,15,24,116,21,2 ,0.09524 ,4.8,0,1,0,0,0,0,0,0,0,0,0,1,0,36,1,1,0,1,0,0
314,,5,15,12,93,76,10 ,0.13158 ,6.775772,0,1,0,1,0,0,0,0,0,0,0,1,0,34,0,4,1,1,0,1
315,,1.1,15,12,54,74,5 ,0.06757 ,8.6,0.0232558,0,1,0,1,0,0,0,1,0,0,0,0,31,1,2,0,0,0,0
316,,5,15,12,64,22,3 ,0.13636 ,4.8,0.166667,0,0,1,1,0,0,1,0,0,0,0,0,34,0,5,1,1,1,1
317,,0.4,15,12,0,24,3 ,0.12500 ,3.6,0.111111,0,0,0,1,0,1,0,0,0,0,1,0,36,0,1,0,1,0,0
318,,0.8,15,18,98,20,0 ,0.00000 ,5.6,0,0,0,0,0,0,0,0,1,0,0,0,0,31,1,1,0,0,0,0
319,,0.8,11,6,81,33,3 ,0.09091 ,3.8,0,0,0,0,1,0,0,0,0,0,0,1,0,32,0,2,0,0,0,0
320,,0.5,10,3,83,20,2 ,0.10000 ,5.6,0.142857,0,0,0,0,1,0,0,0,0,0,1,0,30,0,2,0,1,0,1
321,,1.3,15,24,0,20,0 ,0.00000 ,11.6,0,0,0,0,0,0,0,0,1,0,0,0,0,41,0,2,0,1,0,0
322,,0.6,11,6,91,58,7 ,0.12069 ,6.952396,0,1,1,0,0,1,0,0,0,0,0,0,1,27,1,1,0,1,0,1
323,,5,15,18,53,30,5 ,0.16667 ,2.533332,0.0526316,0,0,1,1,0,1,1,0,0,0,0,0,52,0,4,1,1,0,1
324,,0.7,15,6,44,30,3 ,0.10000 ,7.6,0,0,0,0,0,0,0,0,1,0,0,0,0,38,0,2,0,1,0,0
325,,1.5,15,18,42,63,7 ,0.11111 ,18,0,1,1,1,0,0,0,1,0,0,0,0,0,27,0,1,0,0,0,0
326,,15,15,12,0,33,4 ,0.12121 ,3.8,0,0,0,0,0,0,1,0,0,0,1,0,0,45,0,5,1,1,0,0
327,,0.8,11,3,93,53,4 ,0.07547 ,13.2,0.030303,1,1,1,0,0,0,0,0,0,1,0,0,27,1,3,0,0,0,0
328,,3,15,12,32,23,0 ,0.00000 ,5.2,0,0,0,0,0,0,0,0,1,0,0,0,0,46,0,1,0,0,0,0
329,,0.5,15,12,79,20,1 ,0.05000 ,8.04444,0.111111,0,0,0,1,0,0,0,1,0,0,0,0,28,1,1,0,1,0,0
330,,1,10,3,48,22,2 ,0.09091 ,5.6,0,0,0,0,0,0,0,0,1,0,0,0,0,26,0,2,0,0,0,0
331,,10,15,12,89,21,3 ,0.14286 ,1.866668,0.0714286,0,0,0,0,0,0,0,0,0,1,0,0,46,0,5,1,1,0,0
332,,0.6,15,12,32,52,6 ,0.11538 ,8.666668,0,1,0,0,0,0,0,1,0,0,0,0,0,25,1,1,0,0,0,0
333,,2,10,3,68,20,3 ,0.15000 ,5.2,-0.0769231,0,0,0,0,0,1,1,0,0,0,0,0,35,0,2,0,0,0,0
334,,1.8,15,12,83,32,2 ,0.06250 ,10,0,0,0,0,0,0,0,0,1,0,0,0,0,30,1,2,0,0,0,0
335,,0.3,10,3,81,48,5 ,0.10417 ,11.6,0,1,0,1,0,0,0,0,0,0,0,0,1,29,0,1,0,0,0,0
336,,2,12,9,91,26,3 ,0.11538 ,3,0,0,0,0,0,0,0,0,1,0,0,0,0,32,0,2,0,1,0,0
337,,0.5,15,12,82,23,0 ,0.00000 ,4.4,0.0909091,0,0,0,1,0,0,0,1,0,0,0,0,27,0,2,0,0,0,0
338,,10,15,12,105,36,6 ,0.16667 ,3.333332,0.08,1,0,0,0,1,1,0,0,0,0,1,0,57,0,2,0,1,0,0
339,,0.6,11,6,46,21,3 ,0.14286 ,2.8,0,0,0,0,0,0,0,0,1,0,0,0,0,42,0,2,0,1,0,0
340,,0.5,11,6,45,39,4 ,0.10256 ,4.8,0,1,0,0,0,0,0,0,0,0,0,1,0,24,1,1,0,0,0,0
341,,0.8,15,12,0,78,8 ,0.10256 ,5.884312,0.0588235,0,0,0,1,1,1,1,0,0,0,0,0,26,1,1,0,0,0,0
342,,50,13,12,155,343,40 ,0.11662 ,12.778476,0.00502513,1,0,0,0,0,0,0,0,0,0,1,0,44,0,5,1,1,0,0
343,,2,13,12,83,23,1 ,0.04348 ,8.133332,0,0,0,0,0,0,1,1,0,0,0,0,0,23,1,1,0,0,0,0
344,,1.4,13,18,46,29,3 ,0.10345 ,3.4,0,1,0,0,0,0,0,0,0,0,0,1,0,31,1,2,1,0,0,0
345,,0.5,10,3,87,7,1 ,0.14286 ,0.8,0.25,0,0,0,1,0,0,0,0,0,0,0,1,33,1,1,0,0,0,0
346,,1.1,13,24,29,39,1 ,0.02564 ,6,0.05,0,1,0,0,0,0,0,0,0,1,0,0,37,0,4,1,1,0,1
347,,1.3,13,24,0,27,3 ,0.11111 ,2.8,0.0714286,0,0,0,0,0,1,1,0,0,0,0,0,25,1,1,0,0,0,0
348,,1.1,11,6,83,40,4 ,0.10000 ,4.6,0,1,0,0,0,0,0,0,1,0,0,0,0,24,1,2,0,0,0,0
349,,30,13,18,142,237,31 ,0.13080 ,11.875862,0,1,0,0,0,0,0,0,0,0,0,1,0,51,0,5,1,1,0,0
350,,1.6,13,36,81,33,2 ,0.06061 ,5.905264,0,0,0,0,0,0,0,1,0,0,0,0,0,39,0,1,1,1,0,0
351,,2,13,36,79,24,3 ,0.12500 ,2.8,0.142857,0,0,1,1,1,0,1,0,0,0,0,0,28,0,2,0,0,0,0
352,,0.3,13,12,30,33,3 ,0.09091 ,2.266668,0.117647,1,0,0,1,0,0,1,0,0,0,0,0,34,1,1,0,1,0,0
353,,1,14,36,0,65,9 ,0.13846 ,5.075608,0.0731707,1,1,0,1,1,1,0,0,0,0,1,0,33,0,1,0,0,0,0
354,,0.8,20,12,0,34,1 ,0.02941 ,3.2,0.25,0,0,0,1,0,1,0,0,0,0,0,1,31,1,1,0,1,0,1
355,,1.1,12,9,39,47,5 ,0.10638 ,8.362964,0,0,1,0,0,0,0,0,0,1,0,0,0,27,1,2,0,1,0,0
356,,0.5,13,24,120,25,3 ,0.12000 ,3,0.133333,0,0,0,1,0,0,1,0,0,0,0,0,32,1,1,0,1,0,0
357,,1,13,36,24,111,9 ,0.08108 ,5.203508,0.0350877,1,1,0,0,1,0,0,1,0,0,0,0,47,0,2,0,1,0,0
358,,1.6,13,12,83,20,2 ,0.10000 ,6,0,0,0,0,0,0,0,1,0,0,0,0,0,27,1,1,0,0,0,0
359,,0.6,13,12,85,32,4 ,0.12500 ,4.05294,0,1,0,0,0,0,0,0,1,0,0,0,0,33,0,1,1,1,0,0
360,,1.8,13,18,0,55,15 ,0.27273 ,1.41818,0.153846,0,0,0,1,1,1,0,1,0,0,0,0,25,1,2,0,1,0,0
361,,1,20,12,30,50,6 ,0.12000 ,3,0.0333333,1,0,0,0,0,0,0,0,0,0,1,0,35,0,4,0,0,0,0
362,,1,13,12,32,71,5 ,0.07042 ,5.73332,0.0930233,0,0,0,0,0,0,0,0,0,0,1,0,42,0,3,1,0,0,0
363,,1.8,13,18,0,28,2 ,0.07143 ,6.4,0,1,0,0,0,0,0,0,0,0,0,1,0,34,1,1,0,0,0,0
364,,1,13,6,44,25,3 ,0.12000 ,3.4,0.0588235,0,0,0,1,0,0,1,0,0,0,0,0,27,1,2,0,0,0,0
365,,3,16,18,12,23,1 ,0.04348 ,5.2,-0.0769231,0,0,0,0,0,0,0,1,0,0,0,0,29,1,2,0,0,0,0
366,,1.8,13,12,0,30,0 ,0.00000 ,8.457144,0,1,0,0,0,0,0,0,1,0,0,0,0,31,1,1,0,0,0,0
367,,3.6,13,12,0,70,8 ,0.11429 ,5.46668,0.0487805,1,0,0,0,0,0,0,0,0,0,1,0,36,0,3,1,0,0,0
368,,1.4,13,24,0,37,5 ,0.13514 ,3.066668,0,1,0,0,1,0,0,0,0,0,0,1,0,48,0,1,1,1,0,1
369,,2,13,18,83,39,5 ,0.12821 ,3.333332,0,0,0,0,1,0,0,0,1,0,0,0,0,28,1,1,0,0,0,0
370,,1,13,12,73,20,0 ,0.00000 ,4.8,-0.0833333,0,0,0,0,0,1,1,0,0,0,0,0,24,1,1,0,0,0,0
371,,1.1,13,24,0,23,4 ,0.17391 ,3,0.0666667,0,0,1,1,0,0,0,1,0,0,0,0,32,1,1,0,1,0,1
372,,0.9,13,12,0,46,3 ,0.06522 ,11.93846,0,1,0,0,0,0,0,0,0,0,0,1,0,32,0,1,1,1,1,1
373,,1.9,13,12,71,20,2 ,0.10000 ,4.8,-0.0833333,0,0,0,0,0,1,0,1,0,0,0,0,34,1,3,0,0,0,0
374,,0.9,16,6,44,56,5 ,0.08929 ,5.161904,0.0357143,1,1,1,0,0,0,1,0,0,0,0,0,29,0,2,1,0,1,0
375,,1,13,18,88,31,4 ,0.12903 ,4,0.1,0,0,0,0,0,1,0,0,1,0,0,0,32,0,1,1,0,0,0
376,,2.7,13,24,12,52,5 ,0.09615 ,7.4,-0.027027,0,0,0,1,0,0,0,0,0,1,0,0,38,0,4,1,0,0,0
377,,0.3,13,12,116,33,5 ,0.15152 ,2.666668,0.1,0,0,0,0,1,0,0,0,0,0,0,1,55,0,1,0,1,0,0
378,,0.8,13,12,68,25,3 ,0.12000 ,5.666668,0,1,0,0,0,0,0,0,0,0,0,1,0,38,0,2,0,1,0,1
379,,1,13,12,83,112,9 ,0.08036 ,14.666668,0,0,1,0,0,0,0,0,1,0,0,0,0,30,0,1,0,1,0,0
380,,1.3,13,12,0,15,0 ,0.00000 ,2.8,0.142857,0,0,0,0,0,1,0,0,0,0,0,1,29,0,2,0,0,0,0
381,,5,13,12,114,25,1 ,0.04000 ,8.133332,0,0,1,0,0,0,0,0,1,0,0,0,0,43,0,3,1,1,1,1
382,,1.4,13,12,66,66,9 ,0.13636 ,5.46668,0.0243902,1,0,0,1,0,0,0,1,0,0,0,0,28,1,2,0,1,0,0
383,,1,13,12,0,27,2 ,0.07407 ,7.2,0.0555556,0,0,0,0,0,0,0,0,0,0,1,0,25,1,2,0,0,0,0
384,,1,11,6,44,40,2 ,0.05000 ,4.4,0.0454545,1,0,0,0,0,1,0,0,0,1,0,0,37,0,2,0,0,0,0
385,,0.5,11,6,44,24,3 ,0.12500 ,2.8,-0.0714286,0,0,0,0,0,0,0,1,0,0,0,0,36,0,1,0,0,0,0
386,,1.8,13,12,84,24,3 ,0.12500 ,2.8,-0.0714286,0,0,0,0,0,0,0,0,0,0,0,1,26,1,1,0,0,0,0
387,,1.1,13,12,0,74,5 ,0.06757 ,6.53332,0,0,0,0,1,0,0,1,0,0,0,0,0,27,1,2,0,1,0,0
388,,2.2,13,36,0,48,6 ,0.12500 ,11.6,0.1034482,0,0,0,0,0,1,0,0,1,0,0,0,33,0,2,0,0,0,0
389,,3.6,13,12,80,55,7 ,0.12727 ,4.66668,0.0571429,1,0,1,0,0,1,0,0,0,1,0,0,30,0,4,1,0,0,0
390,,1.5,13,12,35,22,4 ,0.18182 ,2.4,0,1,0,0,0,0,0,0,0,0,0,1,0,28,0,2,1,0,1,0
391,,1.5,13,36,13,61,7 ,0.11475 ,5.709792,0.0882353,1,0,0,1,0,1,0,1,0,0,0,0,30,1,1,0,1,0,0
392,,3,13,24,25,30,2 ,0.06667 ,2.133332,0.0625,0,0,1,0,0,0,0,0,0,0,1,0,42,0,5,0,1,0,0
393,,1.3,15,3,57,38,4 ,0.10526 ,4.8,0.0416667,1,0,0,0,0,0,0,0,0,0,1,0,34,1,1,0,1,0,0
394,,2.5,13,12,76,22,1 ,0.04545 ,4.8,0,1,0,0,0,0,0,0,0,0,0,1,0,47,0,2,1,1,0,1
395,,1.8,11,6,44,63,6 ,0.09524 ,8.4,0.047619,0,0,0,1,0,0,0,1,0,0,0,0,40,0,2,0,0,0,0
396,,3,12,9,0,55,4 ,0.07273 ,6.2,0.16129,1,0,0,0,1,1,0,0,0,0,1,0,34,0,5,0,0,0,0
397,,1,13,12,0,29,5 ,0.17241 ,2.533332,0,0,0,0,1,0,0,1,0,0,0,0,0,27,0,3,0,0,0,0
398,,0.8,15,6,56,47,6 ,0.12766 ,6.2,0.0645161,0,0,0,0,1,1,1,0,0,0,0,0,38,0,5,1,1,0,1
399,,0.8,13,12,30,46,4 ,0.08696 ,5.662964,-0.037037,0,1,0,0,0,0,0,1,0,0,0,0,35,0,1,0,1,0,0
400,,1.7,13,36,0,49,6 ,0.12245 ,6.2,0.16129,0,0,0,0,1,1,0,1,0,0,0,0,28,1,1,0,1,0,0
401,,2.5,13,36,50,28,1 ,0.03571 ,3.6,-0.0555556,0,0,0,0,0,0,0,1,0,0,0,0,39,0,3,1,1,0,1
402,,2,13,18,89,27,4 ,0.14815 ,6.8,0.0588235,0,0,0,0,0,0,0,1,0,0,0,0,35,1,1,0,0,0,0
403,,1.9,13,18,95,42,4 ,0.09524 ,5.6,0,0,0,0,0,0,0,0,1,0,0,0,0,31,1,1,0,1,0,0
404,,0.8,12,9,88,87,10 ,0.11494 ,6.227272,0.0727273,1,0,0,1,0,0,0,0,0,1,0,0,27,1,2,0,0,0,0
405,,0.6,13,18,87,78,7 ,0.08974 ,7.33332,0,0,0,1,0,0,0,0,1,0,0,0,0,29,1,1,0,0,0,0
406,,1.1,10,3,78,28,0 ,0.00000 ,20.8,0,0,0,0,0,0,0,0,0,0,0,0,1,41,0,1,0,0,0,0
407,,3,13,12,36,40,5 ,0.12500 ,3.333332,0.08,0,0,0,0,1,1,0,0,0,0,1,0,44,0,5,1,1,1,0
408,,4.2,13,24,99,29,4 ,0.13793 ,2.266668,0.117647,0,0,1,0,0,0,0,1,0,0,0,0,34,0,4,0,0,0,0
409,,0.8,13,6,45,67,5 ,0.07463 ,17,0,1,1,0,1,0,0,0,0,0,0,1,0,37,0,2,0,0,0,0
410,,1.1,11,6,44,234,21 ,0.08974 ,10.7214572,0.0127389,1,1,0,0,1,0,0,1,0,0,0,0,27,1,3,1,1,0,1
411,,0.7,13,12,0,30,3 ,0.10000 ,4,0.05,1,0,0,0,0,0,0,0,0,1,0,0,23,1,2,0,0,0,0
412,,1.1,13,12,82,46,6 ,0.13043 ,6,0,0,0,1,1,0,0,0,0,1,0,0,0,27,1,1,0,0,0,0
413,,0.7,24,36,0,21,1 ,0.04762 ,4.8,0,0,0,0,0,0,0,1,0,0,0,0,0,44,0,2,0,0,0,0
414,,1.5,13,12,84,134,9 ,0.06716 ,16.11884,0.0144928,1,1,1,0,0,0,0,0,0,0,1,0,52,0,2,0,0,0,0
415,,1.8,13,24,0,69,0 ,0.00000 ,15.6,0.025641,0,0,0,0,0,0,0,1,0,0,0,0,34,0,2,0,0,0,0
416,,1.1,10,3,49,25,1 ,0.04000 ,6,0.0666667,0,0,0,0,0,0,0,1,0,0,0,0,23,1,2,0,0,0,0
417,,2.2,13,12,43,59,7 ,0.11864 ,9,0.05,0,1,0,1,0,0,0,1,0,0,0,0,34,0,1,0,1,0,0
418,,2.8,13,36,0,22,2 ,0.09091 ,2.6,0.0769231,0,0,0,0,0,1,0,1,0,0,0,0,30,1,1,0,0,0,0
419,,1,12,6,44,48,5 ,0.10417 ,5.8,-0.0344828,1,0,0,0,0,0,0,0,0,0,1,0,45,0,2,1,1,0,0
420,,1.5,13,6,87,28,2 ,0.07143 ,6.8,0,0,0,0,0,0,0,0,0,1,0,0,0,31,1,3,1,1,1,1
421,,4.7,13,18,101,30,2 ,0.06667 ,3.8,0,0,0,0,0,0,0,0,0,0,0,1,0,26,1,3,1,0,0,0
422,,4.9,13,36,82,33,2 ,0.06061 ,8.4,0,0,0,1,0,0,0,0,1,0,0,0,0,26,1,2,0,1,0,1
423,,1.7,11,6,96,38,3 ,0.07895 ,6.21818,0.0454545,0,0,0,0,0,0,1,0,0,0,0,0,33,0,2,1,1,0,0
424,,1.4,13,12,96,70,9 ,0.12857 ,9.530232,0,0,1,0,1,0,0,0,1,0,0,0,0,25,1,1,0,0,0,0
425,,0.6,13,6,54,21,3 ,0.14286 ,2.6,0.153846,0,0,0,0,1,0,1,0,0,0,0,0,31,0,1,0,1,0,1
426,,1,10,3,55,21,0 ,0.00000 ,3.6,0.111111,0,0,0,1,0,0,1,0,0,0,0,0,28,0,3,1,0,0,0
427,,0.8,15,12,0,296,31 ,0.10473 ,7.81212,0.0121212,1,1,0,0,1,1,0,0,0,0,1,0,44,0,1,0,0,0,0
428,,1.2,13,12,0,49,4 ,0.08163 ,4,0.0666667,1,0,0,1,0,0,0,0,0,0,1,0,44,0,1,0,0,0,0
429,,1.7,13,36,0,41,5 ,0.12195 ,3.066668,0.130435,0,0,0,1,0,1,0,1,0,0,0,0,52,0,1,0,1,0,0
430,,0.7,11,6,81,25,2 ,0.08000 ,6.8,0,0,0,0,0,0,0,0,1,0,0,0,0,40,0,1,0,1,0,1
431,,2.4,13,24,83,83,7 ,0.08434 ,12.436364,0.0227273,1,1,0,0,0,1,0,1,0,0,0,0,28,0,1,0,0,0,0
432,,0.8,11,6,95,20,2 ,0.10000 ,2.4,0.0833333,0,0,1,0,0,0,0,0,0,0,0,1,28,0,2,0,1,0,0
433,,1.5,13,36,11,77,6 ,0.07792 ,10.251064,0.0212766,0,1,0,1,0,1,0,1,0,0,0,0,33,0,1,0,1,0,0
434,,6,13,24,0,57,5 ,0.08772 ,7,0.171429,0,0,0,1,0,1,0,0,0,0,1,0,32,0,5,0,0,0,0
435,,4.7,13,24,88,36,5 ,0.13889 ,2.933332,0,0,0,0,0,0,0,0,0,0,1,0,0,42,0,5,1,1,0,0
436,,0.5,13,12,82,23,3 ,0.13043 ,2.6,0,0,0,0,0,0,0,1,0,0,0,0,0,29,1,1,0,0,0,0
437,,0.5,12,9,79,64,8 ,0.12500 ,8.82564,0.025641,1,1,0,0,0,0,0,0,1,0,0,0,28,0,1,0,0,0,0
438,,0.7,13,36,25,40,4 ,0.10000 ,6.339132,0.0434783,1,0,1,1,0,1,1,0,0,0,0,0,35,0,1,0,1,0,0
439,,0.6,11,6,0,51,6 ,0.11765 ,6.2,-0.0322581,0,0,0,0,0,0,0,0,0,0,1,0,29,0,3,0,0,0,0
440,,1.1,13,12,78,26,4 ,0.15385 ,2,0.0666667,0,0,0,1,0,0,0,1,0,0,0,0,29,0,1,0,1,0,1
441,,1,13,12,33,28,4 ,0.14286 ,8.10588,0.0588235,0,0,1,0,0,1,0,0,0,0,1,0,29,1,3,0,0,0,0
442,,0.3,10,3,82,33,3 ,0.09091 ,3.8,0.105263,0,0,1,0,0,0,0,0,0,0,0,1,27,1,1,0,1,0,0
443,,1.4,13,12,0,39,4 ,0.10256 ,4.8,0.0833333,0,0,0,0,0,0,0,1,0,0,0,0,32,0,2,0,1,0,0
444,,2.2,13,18,85,88,9 ,0.10227 ,5,0.04,1,0,0,0,0,0,1,0,0,0,0,0,24,1,2,0,0,0,0
445,,3.5,13,36,127,25,3 ,0.12000 ,5.6,0,1,0,0,0,0,0,0,0,0,1,0,0,32,0,2,1,1,1,0
446,,0.7,12,9,83,41,4 ,0.09756 ,5.4,-0.037037,0,0,0,0,0,0,0,1,0,0,0,0,25,1,1,0,1,0,1
447,,2.1,15,15,0,28,3 ,0.10714 ,3.4,0,0,0,0,0,0,0,0,0,1,0,0,0,33,1,2,1,1,0,0
448,,1.1,11,6,46,67,5 ,0.07463 ,6.33332,0.1,1,0,0,0,1,1,0,0,0,0,1,0,26,0,1,0,1,0,0
449,,4.9,13,36,96,22,2 ,0.09091 ,2.4,0.0833333,0,0,0,0,0,0,1,0,0,0,0,0,28,1,2,0,0,0,0
450,,0.8,12,12,0,21,2 ,0.09524 ,6,0,0,0,0,0,0,0,1,0,0,0,0,0,29,1,1,0,0,0,0
451,,1.3,13,24,11,98,9 ,0.09184 ,5.127272,0.0181818,1,1,0,1,0,0,1,0,0,0,0,0,24,1,2,0,0,0,0
452,,2,21,3,47,23,0 ,0.00000 ,4,0.4,0,0,0,1,1,0,0,1,0,0,0,0,30,0,2,0,0,0,0
453,,3,13,12,94,35,4 ,0.11429 ,6.10476,0,0,1,0,0,0,0,1,0,0,0,0,0,28,1,2,0,0,0,0
454,,1.5,13,12,0,32,0 ,0.00000 ,6.4,0.25,0,0,0,0,0,1,0,1,0,0,0,0,27,1,1,0,0,0,0
455,,1.4,13,36,0,30,2 ,0.06667 ,8.8,0.0454545,1,0,0,0,0,0,0,1,0,0,0,0,28,0,1,0,0,0,0
456,,1,13,12,36,64,7 ,0.10937 ,10.15122,0.0243902,0,0,0,1,0,1,0,1,0,0,0,0,40,0,1,0,1,0,0
457,,1.3,11,6,44,50,7 ,0.14000 ,3.866668,0,0,0,0,0,0,0,0,0,1,0,0,0,30,0,2,0,0,0,0
458,,0.9,13,12,86,20,2 ,0.10000 ,4.8,0,0,0,0,0,0,0,1,0,0,0,0,0,32,0,1,0,1,0,0
459,,6,12,12,112,50,8 ,0.16000 ,5.4,0,1,0,0,0,0,0,0,0,0,0,1,0,28,0,4,0,0,0,0
460,,3,13,24,0,20,1 ,0.05000 ,4.8,0.166667,0,0,0,0,0,1,0,1,0,0,0,0,39,0,2,0,1,0,0
461,,0.7,13,24,0,55,7 ,0.12727 ,13.6,0,1,0,0,0,0,0,0,0,1,0,0,0,32,1,1,0,1,0,0
462,,1,12,12,63,45,5 ,0.11111 ,5.4,0.037037,1,0,0,1,0,0,0,1,0,0,0,0,26,1,1,0,0,0,0
463,,0.8,10,3,83,35,0 ,0.00000 ,8,0,1,1,0,0,0,0,1,0,0,0,0,0,24,1,1,0,0,0,0
464,,3.6,12,12,0,36,2 ,0.05556 ,8,0.05,0,0,0,0,0,0,0,0,0,0,1,0,36,0,5,1,1,0,0
465,,2.2,11,6,44,43,2 ,0.04651 ,11.2,0.0357143,0,0,0,1,0,0,1,0,0,0,0,0,29,1,1,0,0,0,0
466,,4.7,11,6,121,26,3 ,0.11538 ,3,0.0666667,0,0,0,1,0,0,0,1,0,0,0,0,32,1,2,0,1,0,1
467,,1,11,6,44,41,3 ,0.07317 ,12.933332,0,1,1,0,0,0,0,0,0,0,0,0,1,38,0,2,0,1,0,0
468,,5,13,36,11,39,0 ,0.00000 ,8.8,0,0,0,0,1,0,1,0,1,0,0,0,0,42,0,3,0,0,0,0
469,,2,13,24,55,28,3 ,0.10714 ,3.6,0.0555556,0,0,0,0,0,1,0,1,0,0,0,0,29,0,1,0,0,0,0
470,,2.5,16,12,26,61,4 ,0.06557 ,7,0.0285714,1,0,0,0,1,0,0,0,0,0,1,0,41,0,5,0,1,0,0
471,,1.5,13,12,84,53,8 ,0.15094 ,4.53332,0,1,0,0,1,0,0,0,1,0,0,0,0,44,0,2,1,1,1,0
472,,1.8,12,12,81,22,2 ,0.09091 ,5.6,0.142857,0,0,0,1,0,0,0,1,0,0,0,0,30,1,1,0,1,0,0
473,,1.5,12,12,0,79,8 ,0.10127 ,20,0.02,1,0,0,0,0,0,0,0,0,0,1,0,40,0,2,1,1,1,0
474,,1.1,12,12,0,20,2 ,0.10000 ,3,0,1,0,0,0,0,0,0,0,1,0,0,0,25,1,1,0,0,0,0
475,,0.8,10,3,80,58,0 ,0.00000 ,11.6,0,1,0,0,1,0,0,0,0,0,0,1,0,48,0,2,0,0,0,0
476,,0.7,12,12,0,24,3 ,0.12500 ,8,0,0,0,0,0,0,0,0,0,0,0,1,0,25,1,1,0,1,0,1
477,,1.5,12,12,86,35,3 ,0.08571 ,9.705264,0,1,1,0,0,0,0,0,0,0,0,1,0,30,1,4,0,1,0,1
478,,1.8,13,18,0,47,5 ,0.10638 ,5.2,0,1,0,0,0,0,0,1,0,0,0,0,0,28,1,4,0,0,0,0
479,,4,12,12,86,33,6 ,0.18182 ,5.822224,0,0,0,0,0,0,0,0,0,0,0,1,0,43,0,4,1,1,0,0
480,,1.5,12,12,68,39,4 ,0.10256 ,9.6,0,1,1,0,0,0,0,0,1,0,0,0,0,26,0,1,0,1,0,1
481,,2,15,36,0,39,3 ,0.07692 ,5.2,0.0384615,1,0,0,0,0,0,0,0,1,0,0,0,35,0,2,1,0,0,0
482,,1,12,12,71,60,9 ,0.15000 ,4,0.075,1,0,0,1,1,0,0,0,0,0,1,0,27,1,1,0,0,0,0
483,,1,13,36,0,35,0 ,0.00000 ,6.4,0,1,0,0,0,0,1,0,0,1,0,0,0,25,1,1,0,0,0,0
484,,1.4,12,12,91,21,1 ,0.04762 ,8.036364,0,0,0,0,0,0,0,1,0,0,0,0,0,26,1,1,1,0,0,0
485,,2,20,18,0,23,4 ,0.17391 ,2.133332,0.0625,0,0,0,1,0,1,0,1,0,0,0,0,28,1,1,0,1,0,0
486,,1.8,12,12,87,34,3 ,0.08824 ,4.638596,-0.0526314,0,0,0,0,0,1,0,1,0,0,0,0,41,0,2,0,1,0,0
487,,0.3,10,3,88,37,2 ,0.05405 ,10.61818,0,0,0,0,0,0,0,0,0,0,0,0,1,28,1,2,0,0,0,0
488,,0.7,10,3,47,24,0 ,0.00000 ,4,0.1,0,0,0,0,1,0,1,0,0,0,0,0,43,0,1,0,1,0,0
489,,2.5,13,36,92,22,1 ,0.04545 ,4.8,0,0,0,0,0,0,0,0,1,0,0,0,0,28,0,2,0,1,0,1
490,,2.7,12,12,0,69,7 ,0.10145 ,9.2,0.0434783,0,0,0,0,1,1,0,1,0,0,0,0,30,0,2,0,1,0,0
491,,1.3,12,12,74,48,6 ,0.12500 ,4.333332,0,0,0,0,0,0,0,0,0,0,0,1,0,53,0,1,1,1,0,0
492,,1,12,12,0,35,7 ,0.20000 ,8.4,0,0,0,0,0,0,0,1,0,0,0,0,0,32,0,5,1,0,0,0
493,,2,12,12,0,24,0 ,0.00000 ,5.2,0.153846,1,0,1,1,0,0,0,0,0,0,1,0,24,1,3,0,0,0,0
494,,1.1,11,6,48,36,2 ,0.05556 ,4.2,0,0,0,0,0,0,0,0,1,0,0,0,0,39,0,4,1,1,1,0
495,,2.4,12,12,99,60,8 ,0.13333 ,9.2,0.0434783,0,0,1,0,1,0,0,1,0,0,0,0,41,0,1,0,1,0,1
496,,1.2,12,12,71,21,2 ,0.09524 ,2.6,0,0,0,0,1,0,0,0,1,0,0,0,0,30,0,1,0,1,0,0
497,,0.6,11,6,44,20,2 ,0.10000 ,5.2,0.0769231,1,0,0,0,0,0,0,0,0,0,1,0,29,1,1,1,1,0,0
498,,3,11,6,75,21,3 ,0.14286 ,1.4,0,0,0,0,0,0,0,0,0,1,0,0,0,26,1,2,1,0,0,0
499,,2.5,12,12,95,51,6 ,0.11765 ,5.8,0,1,0,0,0,0,0,0,1,0,0,0,0,31,0,2,1,1,0,0
500,,1.3,11,6,87,20,1 ,0.05000 ,4.8,0,1,0,0,0,0,0,0,1,0,0,0,0,25,1,1,0,0,0,0
501,,3,12,9,82,35,3 ,0.08571 ,9.2,0.0434783,1,0,0,0,0,0,0,1,0,0,0,0,25,1,2,1,0,0,0
502,,3.6,10,3,62,48,5 ,0.10417 ,10.8,0,1,0,0,0,0,1,0,0,0,1,0,0,40,0,5,1,1,0,1
503,,1,12,12,127,33,4 ,0.12121 ,8.01052,0,0,1,0,0,0,0,0,1,0,0,0,0,40,0,1,0,1,0,1
504,,1.5,12,12,94,52,5 ,0.09615 ,8.666668,0,0,0,0,0,0,0,1,0,0,0,0,0,29,1,3,0,0,0,0
505,,1.3,11,6,81,23,3 ,0.13043 ,3.2,0.125,0,0,0,0,0,0,0,1,0,0,0,0,47,0,1,0,1,0,0
506,,2,12,12,24,53,6 ,0.11321 ,7.4,0,0,0,0,0,0,0,1,0,0,0,0,0,31,0,2,0,1,0,0
507,,0.6,12,12,0,72,7 ,0.09722 ,10.616328,0,0,1,0,1,0,1,1,0,0,0,0,0,23,1,2,0,0,0,0
508,,1.5,12,12,79,23,3 ,0.13043 ,2.8,0.214286,0,0,0,1,0,1,1,0,0,0,0,0,25,1,1,1,0,0,0
509,,5,10,3,81,28,5 ,0.17857 ,3.6,0.111111,0,0,0,0,0,0,0,1,0,0,0,0,30,0,3,1,1,0,0
510,,5,18,12,0,57,4 ,0.07018 ,6.6,0,1,0,1,1,0,0,0,0,0,0,1,0,40,0,4,1,0,0,0
511,,5,13,36,81,22,3 ,0.13636 ,1.733332,0,0,0,0,0,0,0,1,0,0,0,0,0,40,0,2,0,1,0,1
512,,2.7,13,18,87,100,8 ,0.08000 ,13.86984,0.047619,1,1,0,1,0,0,0,1,0,0,0,0,35,0,2,0,1,0,0
513,,0.8,11,6,0,151,14 ,0.09272 ,9.04964,0.0120482,1,1,0,0,0,0,0,1,0,0,0,0,32,0,3,0,0,0,0
514,,1.1,10,3,47,27,2 ,0.07407 ,2.4,0.0555556,1,0,0,0,0,0,0,0,0,1,0,0,45,0,4,1,0,0,0
515,,2.1,13,24,0,21,2 ,0.09524 ,2.8,-0.142857,0,0,0,0,0,0,0,1,0,0,0,0,39,0,2,1,0,0,0
516,,0.9,10,3,56,26,2 ,0.07692 ,8.276924,0,0,0,0,1,0,0,0,0,0,0,0,1,29,1,1,0,0,0,0
517,,1.1,12,12,73,95,8 ,0.08421 ,22.75294,0.0588235,1,1,0,0,0,1,0,1,0,0,0,0,35,0,1,0,0,0,0
518,,1.5,13,36,82,39,2 ,0.05128 ,10.939132,0.130435,0,1,0,0,0,0,0,1,0,0,0,0,29,1,2,1,0,0,0
519,,1.2,12,12,0,153,11 ,0.07190 ,8.740464,0,1,1,0,0,0,0,0,1,0,0,0,0,30,0,2,0,0,0,0
520,,1.2,12,12,60,25,2 ,0.08000 ,3,0,0,0,0,0,0,0,0,0,1,0,0,0,26,1,1,1,1,0,0
521,,1.6,12,12,89,29,4 ,0.13793 ,3.8,-0.0526316,0,0,0,1,0,0,0,0,0,0,1,0,25,1,1,1,0,0,0
522,,2.6,11,6,42,51,4 ,0.07843 ,12.8,0.03125,1,0,0,0,0,1,0,0,0,0,1,0,30,0,3,1,0,0,0
523,,2.5,12,12,0,55,6 ,0.10909 ,14.776472,0.0588235,1,1,0,0,1,1,0,1,0,0,0,0,32,0,1,0,0,0,0
524,,1.4,13,18,0,64,7 ,0.10937 ,6.22564,0.0512821,1,1,0,0,0,1,0,0,1,0,0,0,28,1,5,0,0,0,0
525,,2,12,12,63,53,8 ,0.15094 ,7.8,0.0512821,0,0,0,1,0,1,0,0,0,0,1,0,39,0,5,1,1,1,1
526,,1.8,13,24,18,88,8 ,0.09091 ,6.4,0.0416667,1,0,0,0,0,0,0,1,0,0,0,0,28,0,2,1,1,0,0
527,,3,13,24,0,21,3 ,0.14286 ,2,0.2,0,0,0,0,0,1,0,0,1,0,0,0,31,1,2,0,0,0,0
528,,6,11,6,50,29,2 ,0.06897 ,6.8,0.0588235,1,0,0,0,0,1,0,0,0,0,1,0,40,0,5,1,1,0,0
529,,1,11,6,89,23,2 ,0.08696 ,5.6,0,0,0,0,1,0,0,0,0,0,0,0,1,28,1,1,0,0,0,0
530,,6,12,12,0,21,3 ,0.14286 ,2.6,0.153846,0,0,0,0,1,1,0,0,0,0,1,0,35,0,5,1,1,1,0
531,,1.8,15,6,41,20,1 ,0.05000 ,4.4,0.0909091,0,0,0,1,0,0,1,0,0,0,0,0,33,0,2,0,0,0,0
532,,0.8,11,6,91,88,9 ,0.10227 ,5,0.04,1,0,0,0,0,0,0,0,0,0,1,0,25,1,1,0,0,0,0
533,,6,11,6,43,20,1 ,0.05000 ,6.24444,0,0,0,0,0,0,0,0,0,0,1,0,0,49,0,5,0,0,0,0
534,,1.1,12,12,0,20,2 ,0.10000 ,1.6,0.0833337,0,0,0,0,0,0,1,0,0,0,0,0,31,0,1,1,0,0,0
535,,2.5,13,36,91,33,4 ,0.12121 ,2.666668,0,1,0,0,0,0,0,0,1,0,0,0,0,32,0,4,0,1,0,0
536,,1.1,12,12,27,52,3 ,0.05769 ,13.2,0.030303,0,0,0,0,0,0,0,1,0,0,0,0,30,0,1,0,1,0,0
537,,0.8,12,12,88,21,1 ,0.04762 ,8.51428,0.285714,0,0,0,0,0,1,1,0,0,0,0,0,24,0,1,0,0,0,0
538,,1.5,12,12,97,23,2 ,0.08696 ,5.6,0,0,0,0,0,0,0,1,0,0,0,0,0,40,0,1,1,1,0,0
539,,1,11,6,80,21,1 ,0.04762 ,4.8,0.0833333,0,0,0,0,0,1,1,0,0,0,0,0,23,1,1,0,0,0,0
540,,2.2,13,24,86,22,2 ,0.09091 ,5.2,0,0,0,0,0,0,0,0,1,0,0,0,0,28,1,2,0,0,0,0
541,,0.5,12,12,87,25,1 ,0.04000 ,8.666668,0,0,0,0,0,0,0,0,1,0,0,0,0,30,1,1,0,0,0,0
542,,0.6,12,9,86,23,4 ,0.17391 ,2,0.133333,0,0,1,1,1,1,0,0,0,1,0,0,34,0,1,1,1,0,0
543,,0.96,12,12,99,23,3 ,0.13043 ,3,0.0666667,0,0,0,0,0,0,0,1,0,0,0,0,29,0,1,0,1,0,0
544,,2.2,13,24,75,20,1 ,0.05000 ,2.4,0,1,0,0,0,0,0,0,0,0,0,1,0,30,0,2,0,0,0,0
545,,1.5,13,24,0,50,5 ,0.10000 ,6,0.0666667,0,0,0,0,0,1,0,1,0,0,0,0,32,0,1,0,1,0,0
546,,3.5,13,24,88,29,3 ,0.10345 ,6.8,0,1,0,0,0,0,1,1,0,0,0,0,0,29,1,2,0,1,0,0
547,,1.9,12,12,87,28,4 ,0.14286 ,7.2,0.111111,0,0,0,0,1,0,0,1,0,0,0,0,29,0,2,0,1,0,1
548,,5,12,12,86,34,5 ,0.14706 ,6.21818,0.0454545,1,0,0,0,0,0,0,1,0,0,0,0,33,0,2,1,1,0,1
549,,0.9,12,12,0,31,3 ,0.09677 ,8,0,0,0,0,0,0,0,0,1,0,0,0,0,29,1,2,0,0,0,0
550,,1.8,11,6,117,36,5 ,0.13889 ,2.8,0.047619,1,0,0,0,0,0,0,0,1,0,0,0,32,0,2,1,1,0,0
551,,0.7,11,6,87,33,3 ,0.09091 ,8.8,0.0454545,0,0,0,1,0,1,0,1,0,0,0,0,35,0,1,1,1,0,1
552,,3,12,12,75,122,13 ,0.10656 ,15.6,0.025641,1,0,0,1,0,1,0,0,0,0,1,0,26,1,2,0,0,0,0
553,,3,13,36,0,25,1 ,0.04000 ,5.2,0.230769,0,0,0,1,0,1,0,1,0,0,0,0,28,0,5,0,1,0,0
554,,2.2,13,36,0,35,3 ,0.08571 ,4.6,0,1,0,0,1,0,0,0,1,0,0,0,0,29,0,1,0,1,0,0
555,,1.2,12,12,0,50,7 ,0.14000 ,7.490324,0.0322581,0,0,0,1,0,1,0,1,0,0,0,0,26,0,2,0,0,0,0
556,,3,11,6,82,20,2 ,0.10000 ,2.4,0,1,0,0,0,0,0,0,0,0,1,0,0,25,0,4,1,0,0,0
557,,0.8,12,9,91,95,11 ,0.11579 ,8.787864,0.0909091,1,0,0,1,1,1,0,1,0,0,0,0,33,0,1,0,1,0,0
558,,0.5,12,12,79,28,2 ,0.07143 ,3.6,0.0555556,0,0,0,1,0,0,1,0,0,0,0,0,26,0,1,1,0,1,0
559,,1.7,12,12,86,22,2 ,0.09091 ,2.6,0,0,0,0,0,0,0,0,1,0,0,0,0,32,0,1,0,0,0,0
560,,1.2,13,6,92,51,6 ,0.11765 ,4.13332,0.129032,0,0,1,0,0,0,0,1,0,0,0,0,26,1,1,0,0,0,0
561,,2.2,12,12,100,23,4 ,0.17391 ,3,0.0666667,0,0,0,0,0,0,0,1,0,0,0,0,28,1,3,1,1,1,1
562,,2.5,13,36,14,26,3 ,0.11538 ,1.6,0.0625,0,0,0,0,1,0,0,0,0,1,0,0,29,0,4,1,1,0,0
563,,3,13,36,18,78,7 ,0.08974 ,10.2,-0.0196078,1,0,0,0,0,0,0,0,0,0,1,0,31,0,3,1,0,1,0
564,,1,12,12,79,27,3 ,0.11111 ,2.133332,0.125,1,0,0,0,0,0,0,0,0,1,0,0,29,1,4,0,0,0,0
565,,1,13,24,87,31,2 ,0.06452 ,3.8,0,0,0,0,0,0,0,0,0,1,0,0,0,52,0,1,0,1,0,0
566,,2.2,12,12,82,21,1 ,0.04762 ,4.8,0,0,0,0,0,0,1,0,1,0,0,0,0,51,0,1,1,1,1,0
567,,2.5,13,36,0,27,3 ,0.11111 ,3.8,0.105263,0,0,0,0,0,0,0,1,0,0,0,0,28,1,2,0,1,0,0
568,,3,15,12,22,23,3 ,0.13043 ,3.2,0,0,0,0,1,0,0,0,0,0,1,0,0,23,1,4,1,1,0,1
569,,1.7,12,12,0,28,4 ,0.14286 ,4.2,0,0,0,0,0,0,1,0,0,0,0,1,0,41,0,1,0,1,0,1
570,,1,18,12,87,29,3 ,0.10345 ,4.622224,0,0,1,0,0,0,0,0,1,0,0,0,0,36,0,2,0,1,0,0
571,,1.4,13,24,84,72,7 ,0.09722 ,17.375608,0.0243902,1,1,0,1,0,0,0,1,0,0,0,0,47,0,2,0,1,0,0
572,,2,12,12,98,27,4 ,0.14815 ,3.2,0.0625,0,0,0,0,0,0,0,0,1,0,0,0,28,1,1,0,0,0,0
573,,3.5,12,12,94,69,7 ,0.10145 ,5.46668,0,0,0,0,0,0,1,0,0,0,0,1,0,33,0,3,1,1,1,1
574,,1.3,13,18,13,26,3 ,0.11538 ,5.7,0,0,0,0,0,0,0,0,1,0,0,0,0,30,1,1,0,0,0,0
575,,1.6,11,6,72,39,3 ,0.07692 ,3.466668,0,0,0,0,0,0,0,1,0,0,0,0,0,25,1,2,0,1,0,0
576,,1.3,12,12,0,35,4 ,0.11429 ,3.2,0,0,0,0,0,0,1,1,0,0,0,0,0,26,0,1,0,0,0,0
577,,3,13,24,0,34,4 ,0.11765 ,10.30476,0.142857,0,1,0,0,1,1,0,0,1,0,0,0,32,0,2,0,0,0,0
578,,1,13,18,0,21,4 ,0.19048 ,6,0.0666667,0,0,0,0,0,1,0,1,0,0,0,0,34,0,1,0,0,0,0
579,,2.1,11,6,0,36,4 ,0.11111 ,4.2,0.0476191,0,0,0,1,1,1,1,0,0,0,0,0,33,0,4,1,0,0,0
580,,3,12,12,87,22,2 ,0.09091 ,2.8,0.0714286,0,0,0,0,0,0,0,0,1,0,0,0,40,0,3,0,1,0,0
581,,2,12,12,94,32,3 ,0.09375 ,3.6,0,1,0,0,0,0,0,0,0,1,0,0,0,30,1,1,0,0,0,0
582,,1.1,12,12,0,53,4 ,0.07547 ,12.979312,0,1,0,0,0,0,0,0,0,1,0,0,0,30,0,1,1,1,0,0
583,,0.6,12,12,84,24,3 ,0.12500 ,5.2,0.0769231,0,0,0,0,1,1,1,0,0,0,0,0,26,1,1,0,1,0,0
584,,1.6,11,6,123,23,2 ,0.08696 ,5.2,0.0769231,0,0,0,1,0,0,1,0,0,0,0,0,44,0,1,1,1,0,0
585,,1.5,12,12,0,33,4 ,0.12121 ,8.4,0.047619,0,0,0,1,0,0,0,0,0,1,0,0,39,0,4,0,1,0,0
586,,1.3,10,3,47,32,2 ,0.06250 ,4.4,0,0,0,0,0,0,0,0,1,0,0,0,0,36,0,1,1,1,0,1
587,,1.5,12,12,85,21,1 ,0.04762 ,4.8,0,0,0,0,0,0,0,1,0,0,0,0,0,29,1,1,0,0,0,0
588,,2.2,12,12,87,70,9 ,0.12857 ,2.914284,0.0588235,0,0,0,1,0,0,0,1,0,0,0,0,31,0,2,0,0,0,0
589,,3,10,3,81,27,2 ,0.07407 ,3,-0.0666667,0,0,0,0,0,0,0,1,0,0,0,0,46,0,2,1,1,0,1
590,,4.6,11,6,88,65,8 ,0.12308 ,4.1,0.0243903,1,0,0,0,1,0,0,1,0,0,0,0,32,1,2,0,1,0,1
591,,4.9,12,12,84,154,1 ,0.00649 ,8.2,0.125,0,0,0,0,0,1,0,0,0,0,1,0,45,0,1,1,1,0,0
592,,3,13,36,58,39,5 ,0.12821 ,5,0,0,0,0,0,0,1,0,0,0,0,1,0,34,1,1,1,0,1,0
593,,0.7,12,12,0,67,8 ,0.11940 ,6.203244,0.0540541,1,1,1,0,0,0,1,0,0,0,0,0,38,0,1,1,1,0,0
594,,2.4,12,12,83,26,4 ,0.15385 ,3.2,0,1,0,0,1,0,0,0,1,0,0,0,0,40,0,1,0,1,0,0
595,,0.5,12,12,70,35,4 ,0.11429 ,8.8,-0.0454545,0,0,0,0,0,0,0,0,0,1,0,0,32,1,2,1,0,0,0
596,,1,12,12,88,29,0 ,0.00000 ,6.4,0.0625,0,0,0,0,1,0,0,0,0,1,0,0,32,0,3,1,0,0,0
597,,2,12,12,87,27,3 ,0.11111 ,8.457144,0.0714286,0,0,0,0,0,0,1,0,0,0,0,0,33,1,3,0,0,0,0
598,,2.4,13,18,0,66,9 ,0.13636 ,17,0.025,1,0,0,0,0,1,0,0,0,0,1,0,40,0,4,1,1,0,1
599,,6,12,12,101,61,7 ,0.11475 ,7,0.0285715,1,0,0,0,1,0,0,0,0,1,0,0,32,1,5,1,0,0,0
600,,0.5,10,3,48,21,2 ,0.09524 ,6,0.133333,0,0,0,0,0,1,0,1,0,0,0,0,30,0,1,0,0,0,0
601,,1.4,13,36,14,36,3 ,0.08333 ,9.6,0.0416666,0,0,0,0,0,1,0,1,0,0,0,0,31,0,2,0,0,0,0
602,,1.3,12,12,0,25,2 ,0.08000 ,6,0.133333,0,0,0,0,0,1,0,0,1,0,0,0,36,1,1,0,0,0,0
603,,0.5,20,9,0,32,2 ,0.06250 ,10.30476,0,0,0,0,0,0,0,1,0,0,0,0,0,25,1,1,0,0,0,0
604,,2.7,13,24,82,40,4 ,0.10000 ,5,0.04,0,0,0,0,0,0,0,1,0,0,0,0,29,1,2,0,0,0,0
605,,1,10,3,81,29,3 ,0.10345 ,3.6,0,0,0,0,0,0,0,0,0,0,1,0,0,32,0,5,0,0,0,0
606,,2.6,13,24,0,25,3 ,0.12000 ,3.4,0,0,0,0,0,0,0,0,1,0,0,0,0,37,0,2,0,1,0,0
607,,0.7,12,12,85,33,3 ,0.09091 ,7.6,-0.0526316,0,0,0,0,0,0,0,1,0,0,0,0,41,0,1,1,1,0,1
608,,0.7,12,12,0,35,4 ,0.11429 ,4.4,0,1,0,0,1,0,0,0,1,0,0,0,0,32,1,2,0,0,0,0
609,,0.9,12,12,75,34,0 ,0.00000 ,7.6,-0.0526316,0,0,0,0,0,0,0,1,0,0,0,0,31,1,1,1,1,0,0
610,,0.6,12,9,85,34,4 ,0.11765 ,4.6,0.130435,0,0,0,1,1,1,1,0,0,0,0,0,30,0,2,0,1,0,0
611,,2.4,11,6,78,27,3 ,0.11111 ,3.2,0,0,0,0,0,0,0,0,0,0,1,0,0,30,0,3,0,0,0,0
612,,1.9,12,12,88,21,0 ,0.00000 ,4.4,0,0,0,0,0,0,0,1,0,0,0,0,0,28,1,1,1,1,0,0
613,,7,12,12,87,106,9 ,0.08491 ,8.4,0.047619,1,0,0,0,1,1,0,0,0,0,1,0,42,0,2,1,1,1,1
614,,2.5,11,6,112,41,2 ,0.04878 ,10,0.05,0,0,0,0,0,0,0,0,0,0,1,0,30,0,5,0,0,0,0
615,,1.4,12,12,30,60,5 ,0.08333 ,6.8,0,1,0,0,0,0,0,0,1,0,0,0,0,25,0,4,0,1,0,1
616,,1.4,12,12,86,26,2 ,0.07692 ,6.8,-0.0588235,0,0,0,0,0,0,0,1,0,0,0,0,27,1,1,0,1,0,0
617,,3.6,12,12,0,20,4 ,0.20000 ,1.733332,0,0,0,0,0,0,1,0,0,0,1,0,0,35,0,4,1,0,0,0
618,,2.5,13,36,0,31,3 ,0.09677 ,8,0.05,1,0,0,0,0,0,0,0,0,0,1,0,50,0,5,0,0,0,0
619,,0.5,11,6,0,44,5 ,0.11364 ,12.979312,0,0,1,0,0,0,0,1,0,0,0,0,0,27,1,1,1,0,1,0
620,,1.7,12,12,85,26,2 ,0.07692 ,6,0.0666667,1,0,0,1,0,0,1,0,0,0,0,0,34,0,2,0,1,0,0
621,,1.2,11,6,83,33,3 ,0.09091 ,3.8,-0.0526316,0,0,0,0,0,0,0,1,0,0,0,0,48,0,2,0,1,0,1
622,,6,13,24,25,41,3 ,0.07317 ,6.339132,0,1,0,0,0,0,1,0,0,0,1,0,0,40,0,5,0,0,0,0
623,,2.5,12,12,0,20,2 ,0.10000 ,4.4,0.0909091,0,1,0,0,0,0,0,1,0,0,0,0,28,0,2,0,1,0,1
624,,2.2,12,12,89,21,4 ,0.19048 ,3,0,1,0,0,0,0,0,0,1,0,0,0,0,52,0,1,1,1,0,0
625,,3.8,13,18,87,73,9 ,0.12329 ,8.8,0,1,0,0,0,0,1,1,0,0,0,0,0,29,0,2,0,1,0,1
626,,0.4,13,18,86,58,5 ,0.08621 ,9.562164,0.0540541,0,0,0,0,1,1,1,0,0,0,0,0,31,0,2,0,1,0,1
627,,3,12,12,72,142,12 ,0.08451 ,12.26668,0.0326087,0,0,0,1,0,1,1,0,0,0,0,0,31,1,3,0,0,0,0
628,,4.2,12,12,128,39,3 ,0.07692 ,4.8,0,1,0,1,0,0,0,0,0,0,0,1,0,31,0,3,1,0,1,0
629,,0.9,11,6,0,25,3 ,0.12000 ,6.4,0.0625,0,0,0,1,0,0,0,1,0,0,0,0,43,0,3,0,1,0,0
630,,1.2,12,12,62,25,4 ,0.16000 ,2,0.133333,0,0,0,1,1,1,0,1,0,0,0,0,33,0,1,0,1,0,1
631,,2.2,13,36,14,64,7 ,0.10937 ,15.6,0.128205,0,0,0,1,1,1,0,1,0,0,0,0,24,1,1,0,0,0,0
632,,1.1,10,3,76,25,1 ,0.04000 ,5.2,0,1,0,0,0,0,0,0,0,0,1,0,0,30,1,4,0,0,0,0
633,,1,12,12,88,38,6 ,0.15789 ,2.5,0,1,0,0,0,0,0,0,0,0,0,1,0,23,1,1,0,0,0,0
634,,2,12,12,68,22,0 ,0.00000 ,5.2,0,1,0,0,0,0,0,0,0,0,1,0,0,29,0,4,0,1,0,0
635,,1.4,13,24,45,25,1 ,0.04000 ,2.8,-0.0714286,0,0,0,0,0,0,0,1,0,0,0,0,25,1,1,0,0,0,0
636,,1.6,12,12,0,44,5 ,0.11364 ,7.179312,0,1,1,0,0,0,1,1,0,0,0,0,0,24,1,2,0,0,0,0
637,,0.5,12,12,88,51,5 ,0.09804 ,7,0.0571429,1,0,0,0,0,0,1,0,0,0,0,0,25,1,1,0,0,0,0
638,,1.4,13,24,0,142,14 ,0.09859 ,3.127272,0.0465116,1,0,0,0,0,0,0,0,1,0,0,0,30,1,2,0,0,0,0
639,,0.9,12,12,89,35,4 ,0.11429 ,7.6,0,1,1,0,0,0,0,0,1,0,0,0,0,27,1,1,1,0,0,0
640,,1,13,15,0,34,4 ,0.11765 ,4.6,0.0434783,0,0,0,0,0,0,0,1,0,0,0,0,26,1,2,0,0,0,0
641,,1,12,12,87,38,2 ,0.05263 ,10.4,0.0384615,0,0,0,0,0,0,0,1,0,0,0,0,27,0,1,0,0,0,0
642,,0.9,13,24,0,22,3 ,0.13636 ,2.6,0,0,0,0,1,0,0,0,0,1,0,0,0,30,1,1,0,0,0,0
643,,1.7,12,12,96,24,3 ,0.12500 ,2.266668,0,1,0,0,0,0,0,0,1,0,0,0,0,35,0,1,1,0,0,0
644,,5.6,11,6,84,21,2 ,0.09524 ,1.733332,0,1,0,0,0,0,0,0,0,0,1,0,0,39,1,4,0,0,0,0
645,,9.6,12,12,140,73,8 ,0.10959 ,6,0.0444444,0,0,0,0,1,0,0,0,0,0,1,0,45,0,5,1,1,0,0
646,,5.6,12,12,89,22,1 ,0.04545 ,2.6,0,0,0,0,0,0,0,0,0,0,0,1,0,38,0,4,1,1,0,1
647,,2.2,12,12,88,27,3 ,0.11111 ,3.4,0.0588235,0,0,0,0,0,1,0,1,0,0,0,0,29,1,1,0,0,0,0
648,,0.7,12,12,88,21,2 ,0.09524 ,4.8,0,0,0,0,0,0,0,1,0,0,0,0,0,35,0,1,0,1,0,1
649,,2,12,12,0,29,4 ,0.13793 ,7.6,0.0526316,0,0,0,0,0,1,0,0,0,1,0,0,34,0,2,0,0,0,0
650,,1.4,12,12,89,20,2 ,0.10000 ,6,0,0,0,0,1,0,0,0,1,0,0,0,0,29,1,1,0,0,0,0
651,,1.1,13,36,0,20,0 ,0.00000 ,3.6,0,0,0,0,0,0,0,0,1,0,0,0,0,29,1,2,0,1,0,1
652,,4,13,18,0,20,4 ,0.20000 ,2.8,0.0714286,0,0,0,0,1,1,0,0,0,0,1,0,31,0,5,1,1,0,0
653,,2,13,24,0,39,4 ,0.10256 ,11.6,0,1,0,0,0,0,1,0,1,0,0,0,0,42,0,2,0,0,0,0
654,,2.1,12,9,29,100,0 ,0.00000 ,24,0.0666667,0,0,0,0,1,1,0,1,0,0,0,0,27,1,1,0,0,0,0
655,,0.3,11,6,69,42,5 ,0.11905 ,11.93846,0,0,1,0,0,0,0,1,0,0,0,0,0,23,1,1,0,0,0,0
656,,1.6,13,36,14,44,5 ,0.11364 ,5.6,0.0714286,0,0,0,0,0,1,0,0,1,0,0,0,44,0,2,0,1,0,0
657,,2,13,36,0,21,0 ,0.00000 ,8,0,1,0,0,0,0,0,0,1,0,0,0,0,47,0,4,1,0,0,0
658,,0.9,12,12,0,31,3 ,0.09677 ,3.8,0,0,0,0,0,0,0,0,1,0,0,0,0,34,0,3,0,0,0,0
659,,1.9,12,12,84,38,2 ,0.05263 ,10,0,1,0,0,0,0,0,0,0,1,0,0,0,26,1,1,0,0,0,0
660,,2.1,13,36,0,84,8 ,0.09524 ,11.354716,0,1,0,0,0,0,1,0,0,0,0,1,0,45,0,1,0,0,0,0
661,,0.5,11,6,73,23,1 ,0.04348 ,2.6,0.0769231,0,0,0,1,1,0,0,1,0,0,0,0,30,0,1,0,1,0,0
662,,1,12,12,82,28,3 ,0.10714 ,2.8,0,1,0,0,0,0,0,0,0,0,0,1,0,31,0,4,0,0,0,0
663,,1.9,12,9,77,66,5 ,0.07576 ,6.22564,0.102564,1,1,0,1,1,0,1,0,0,0,0,0,27,1,2,0,0,0,0
664,,3,13,18,0,48,4 ,0.08333 ,14,0.0285714,1,0,0,0,0,1,0,0,0,1,0,0,45,0,4,0,1,0,0
665,,1.6,12,12,73,60,5 ,0.08333 ,8.142856,0.0285714,1,0,0,1,0,0,0,0,0,0,1,0,26,1,1,0,0,0,0
666,,0.8,12,12,84,24,4 ,0.16667 ,2.266668,0,1,0,0,0,0,0,0,0,0,0,1,0,29,1,2,0,1,0,1
667,,1.8,13,36,0,51,5 ,0.09804 ,7.2,-0.0277778,0,0,0,0,0,0,1,0,0,0,0,0,46,0,2,0,0,0,0
668,,1.1,12,12,0,41,5 ,0.12195 ,5.4,0.111111,1,0,0,0,1,1,0,0,1,0,0,0,30,0,1,0,1,0,0
669,,2.3,12,12,87,25,2 ,0.08000 ,8.276924,0,0,0,0,0,0,0,0,1,0,0,0,0,27,1,2,0,0,0,0
670,,1,10,3,80,34,3 ,0.08824 ,9.422224,0,0,1,0,0,0,0,0,1,0,0,0,0,35,0,3,1,1,0,1
671,,1.2,12,12,74,33,3 ,0.09091 ,4.8,0,0,0,0,0,0,0,1,0,0,0,0,0,26,1,1,0,0,0,0
672,,1,11,6,90,28,5 ,0.17857 ,2.4,0.111111,0,0,1,1,0,1,0,0,1,0,0,0,28,0,1,0,1,0,1
673,,10,12,12,0,47,5 ,0.10638 ,5.2,0.0769231,1,0,0,0,0,1,0,0,0,0,1,0,39,0,5,1,1,0,0
674,,2.4,12,12,83,23,3 ,0.13043 ,1.733332,0,0,0,0,0,0,1,1,0,0,0,0,0,30,0,2,1,0,1,0
675,,1.9,13,36,79,75,7 ,0.09333 ,19.2,0,0,0,0,0,0,0,0,1,0,0,0,0,30,0,2,0,0,0,0
676,,0.6,11,6,41,34,3 ,0.08824 ,8.8,0,1,0,0,0,0,0,0,0,0,1,0,0,25,0,3,0,0,0,0
677,,1,10,3,81,28,3 ,0.10714 ,3.6,0.166667,0,0,1,0,1,0,1,0,0,0,0,0,29,0,2,1,1,0,0
678,,1.1,12,12,84,34,7 ,0.20588 ,1.68,0.047619,0,0,0,1,0,1,1,0,0,0,0,0,38,0,2,1,1,1,0
679,,2,12,12,89,29,4 ,0.13793 ,3.8,0.105263,0,0,0,1,0,1,0,1,0,0,0,0,35,0,1,0,1,0,0
680,,1.8,13,24,15,176,19 ,0.10795 ,15.86668,0.05042014,0,0,0,1,0,1,0,1,0,0,0,0,30,0,1,0,1,0,1
681,,0.7,12,12,89,77,10 ,0.12987 ,7.208696,-0.0217391,1,1,0,0,0,0,1,0,0,0,0,0,29,0,1,1,0,0,0
682,,2.5,11,6,0,26,4 ,0.15385 ,7.6,0,0,0,1,1,0,0,1,0,0,0,0,0,34,0,2,0,1,0,0
683,,1.3,13,36,0,29,3 ,0.10345 ,4,0,1,0,0,0,0,0,0,0,0,1,0,0,36,0,1,0,0,0,0
684,,3,12,12,111,41,3 ,0.07317 ,5.2,0.0769231,0,0,1,0,0,1,0,0,0,0,0,1,41,0,4,0,1,0,1
685,,1.6,12,12,0,23,2 ,0.08696 ,4.8,-0.0833333,1,0,0,0,0,0,0,0,0,1,0,0,25,1,1,0,0,0,0
686,,3,11,6,0,26,4 ,0.15385 ,6,0.133333,0,0,0,1,0,0,0,0,0,0,1,0,34,0,5,0,0,0,0
687,,3,11,6,84,66,5 ,0.07576 ,7.8,0,1,0,0,0,0,0,0,0,0,1,0,0,33,0,4,1,1,1,1
688,,0.7,12,12,62,22,2 ,0.09091 ,2.6,0,0,0,0,0,0,0,0,0,1,0,0,0,32,0,1,1,1,1,1
689,,1,12,12,66,20,2 ,0.10000 ,4.8,0.166667,0,0,0,1,0,0,1,0,0,0,0,0,42,1,1,0,0,0,0
690,,6,12,12,122,47,7 ,0.14894 ,5.6,0.0357143,1,0,0,0,0,0,0,0,0,0,1,0,28,0,4,0,1,0,1
691,,1.1,12,12,107,31,2 ,0.06452 ,7.2,0.0555556,0,0,0,0,0,0,0,1,0,0,0,0,28,0,3,1,1,0,1
692,,2.5,12,12,100,36,3 ,0.08333 ,6,0.1,0,0,0,0,0,1,0,1,0,0,0,0,27,0,2,0,1,0,0
693,,0.5,11,6,81,30,0 ,0.00000 ,5.6,0.0714286,0,0,0,0,0,0,0,1,0,0,0,0,48,0,1,0,1,0,1
694,,1.3,12,12,81,67,6 ,0.08955 ,5.46668,0.0243902,0,0,0,1,0,1,0,1,0,0,0,0,26,0,1,1,1,1,0
695,,1.2,12,12,88,45,4 ,0.08889 ,3.866668,0.103448,1,0,0,0,0,0,0,0,0,0,1,0,29,1,1,0,0,0,0
696,,1,12,12,86,21,1 ,0.04762 ,5.2,0.0769231,0,0,0,0,0,1,1,0,0,0,0,0,29,1,1,0,0,0,0
697,,1.1,12,12,48,28,0 ,0.00000 ,8.666668,0,1,1,0,1,0,0,0,1,0,0,0,0,26,1,1,0,1,0,1
698,,6,12,12,100,27,3 ,0.11111 ,6.8,0,1,0,0,0,0,0,0,0,0,0,1,0,37,0,4,0,1,0,0
699,,0.9,12,12,85,32,4 ,0.12500 ,7.6,0,0,0,0,0,0,0,0,0,1,0,0,0,36,0,1,0,0,0,0
700,,1,12,12,85,27,2 ,0.07407 ,8.9,0,0,0,0,0,0,0,0,0,0,0,0,1,24,0,1,1,1,0,0
701,,1.9,12,12,88,20,2 ,0.10000 ,4.8,0,0,0,0,0,0,0,0,1,0,0,0,0,28,0,1,0,0,0,0
702,,2.7,13,36,0,66,6 ,0.09091 ,7.6,0.0789472,0,0,0,0,1,0,0,1,0,0,0,0,32,1,2,0,1,0,0
703,,3.8,12,12,90,131,9 ,0.06870 ,7.09818,-0.0151515,1,0,1,0,0,0,0,1,0,0,0,0,35,0,3,1,1,1,0
704,,3.5,12,12,58,34,5 ,0.14706 ,3.8,0.0526316,0,0,0,1,0,0,0,0,0,1,0,0,27,1,4,0,0,0,0
705,,1.4,12,12,0,76,6 ,0.07895 ,4.611064,0.0851064,0,1,0,0,1,1,0,0,0,0,1,0,32,0,1,0,1,0,1
706,,2,12,12,97,29,3 ,0.10345 ,8,0,1,0,0,0,0,0,0,0,0,0,1,0,47,0,5,1,1,0,0
707,,1.9,12,12,87,232,22 ,0.09483 ,10.885144,0.0218978,1,1,1,0,0,0,0,0,0,0,1,0,29,1,2,0,0,0,0
708,,0.5,12,12,0,24,3 ,0.12500 ,6,0,1,0,0,0,0,0,1,0,0,0,0,0,25,0,2,0,0,0,0
709,,2,13,18,0,24,2 ,0.08333 ,6.8,0,0,0,0,0,0,0,0,0,1,0,0,0,28,0,1,1,1,0,0
710,,0.96,12,12,112,39,5 ,0.12821 ,4.6,0.173913,0,0,0,0,1,1,0,1,0,0,0,0,44,1,1,0,1,0,0
711,,1.8,12,9,0,36,5 ,0.13889 ,3.066668,0.217391,0,0,0,1,1,1,1,0,0,0,0,0,33,1,2,0,1,0,0
712,,1.3,12,12,93,60,8 ,0.13333 ,6.824244,0,1,0,0,0,0,0,0,1,0,0,0,0,26,1,1,0,0,0,0
713,,1.2,12,12,0,26,2 ,0.07692 ,3.2,0,0,0,0,0,0,0,0,1,0,0,0,0,31,0,3,0,0,0,0
714,,1,12,9,101,25,3 ,0.12000 ,2.8,0,1,0,0,0,0,0,1,0,0,0,0,0,26,1,1,0,0,0,0
715,,4.8,12,12,90,20,1 ,0.05000 ,4.8,0,0,0,0,0,0,0,0,1,0,0,0,0,27,0,3,0,1,0,1
716,,1.9,12,12,104,42,4 ,0.09524 ,3.333332,0.04,0,0,0,1,0,0,0,1,0,0,0,0,27,0,1,0,1,0,0
717,,3.48,12,12,96,26,3 ,0.11538 ,3,0,1,0,0,0,0,0,0,0,0,1,0,0,34,0,2,1,0,0,0
718,,0.6,12,12,0,23,1 ,0.04348 ,3,0.0666667,0,0,0,1,0,0,0,1,0,0,0,0,29,0,1,0,1,0,0
719,,3,12,12,110,35,3 ,0.08571 ,4.2,0,0,0,0,0,0,0,0,1,0,0,0,0,29,1,2,0,1,0,1
720,,2.8,12,12,101,22,0 ,0.00000 ,4,0,1,0,0,0,0,0,0,0,1,0,0,0,28,0,2,0,1,0,1
721,,2,12,12,100,20,3 ,0.15000 ,8.036364,0,0,1,0,0,0,0,1,0,0,0,0,0,30,0,2,1,0,0,0
722,,5,12,12,100,217,18 ,0.08295 ,11.693792,0.00862069,1,0,0,0,0,0,0,0,0,1,0,0,29,0,3,1,0,1,0
723,,1.3,12,12,97,53,4 ,0.07547 ,14.4,0.0277778,1,0,0,0,0,0,0,1,0,0,0,0,28,1,1,0,0,0,0
724,,1.8,12,12,0,70,5 ,0.07143 ,15.88108,0,1,1,0,0,0,0,0,1,0,0,0,0,26,0,3,0,1,0,1
725,,0.9,13,15,0,49,6 ,0.12245 ,7.179312,0.0344828,1,1,0,1,0,0,0,1,0,0,0,0,34,0,1,1,1,0,0
726,,2.6,12,12,107,39,4 ,0.10256 ,8.8,0,1,0,0,0,0,0,1,0,0,0,0,0,31,0,1,0,0,0,0
727,,4.8,12,12,0,37,6 ,0.16216 ,4.8,0.125,1,0,0,0,1,0,0,0,0,0,1,0,28,0,5,0,1,0,1
728,,2.2,12,12,105,30,1 ,0.03333 ,8,0,0,0,0,0,0,0,0,0,1,0,0,0,38,0,2,0,0,0,0
729,,1.6,12,12,0,40,5 ,0.12500 ,5.2,0.153846,0,0,0,0,1,1,0,1,0,0,0,0,36,0,1,0,1,0,0
730,,3,12,12,33,55,6 ,0.10909 ,15.6,0.025641,1,0,0,0,0,0,0,0,0,0,1,0,40,0,2,0,0,0,0
731,,4,13,24,0,109,11 ,0.10092 ,14.95942,0.057971,1,0,0,0,0,1,1,0,0,0,0,0,34,0,3,0,1,0,1
732,,1.3,13,24,0,25,4 ,0.16000 ,6.4,0,0,0,0,0,0,0,0,0,0,0,1,0,37,0,2,0,0,0,0
733,,1.5,12,12,101,76,9 ,0.11842 ,6.13332,0.0869565,1,1,0,1,1,0,0,0,0,0,1,0,34,0,2,0,0,0,0
734,,2,12,12,103,20,0 ,0.00000 ,4.4,0,1,0,0,0,0,0,0,0,0,0,1,0,25,1,2,1,0,1,0
735,,1.1,13,24,0,42,4 ,0.09524 ,11.266668,0.0833333,1,1,0,0,0,1,0,1,0,0,0,0,30,1,1,0,1,0,0
736,,0.5,10,3,95,41,4 ,0.09756 ,6.466668,0.0416667,0,1,0,0,0,0,1,0,0,0,0,0,24,1,1,0,0,0,0
737,,1.2,11,6,0,26,2 ,0.07692 ,8.666668,0,0,1,0,0,0,0,0,1,0,0,0,0,43,0,1,0,1,0,1
738,,1.5,12,12,104,23,2 ,0.08696 ,8.457144,0,0,1,0,0,0,0,0,1,0,0,0,0,37,0,2,1,1,0,0
739,,1.8,11,6,92,40,2 ,0.05000 ,9.705264,0,1,0,0,0,0,0,0,1,0,0,0,0,38,0,2,1,1,0,0
740,,1.1,12,12,108,21,2 ,0.09524 ,3,0,0,0,0,0,0,0,0,1,0,0,0,0,38,0,2,0,1,0,1
741,,2,12,12,103,127,12 ,0.09449 ,8.126316,0,1,1,1,0,0,0,0,0,0,0,1,0,39,0,5,1,1,0,1
742,,1.5,12,12,33,33,4 ,0.12121 ,4,-0.05,0,0,0,0,0,1,0,1,0,0,0,0,37,0,5,0,1,0,1
743,,1.8,10,6,108,25,4 ,0.16000 ,5.666668,0,0,0,0,0,0,0,1,0,0,0,0,0,31,0,3,1,1,1,0
744,,1,13,24,0,106,5 ,0.04717 ,12.628572,0,1,1,1,0,0,0,0,1,0,0,0,0,29,0,2,0,1,0,0
745,,0.6,11,6,98,27,4 ,0.14815 ,6.4,0,1,0,0,1,0,0,0,1,0,0,0,0,45,0,1,0,1,0,0
746,,2.1,12,12,95,36,4 ,0.11111 ,4,0,0,1,0,0,0,0,0,1,0,0,0,0,33,0,1,0,0,0,0
747,,1.6,12,12,0,57,5 ,0.08772 ,5.097144,0,1,1,0,0,0,0,1,0,0,0,0,0,27,0,1,0,0,0,0
748,,1.3,13,24,0,37,1 ,0.02703 ,7.2,0,0,1,0,1,0,0,0,1,0,0,0,0,25,1,2,0,0,0,0
749,,0.9,12,12,0,27,3 ,0.11111 ,6.8,-0.0588235,0,0,0,0,0,0,0,1,0,0,0,0,33,0,1,0,1,0,0
750,,1.5,12,12,65,49,3 ,0.06122 ,5.8,0,1,0,0,0,0,0,0,0,0,0,1,0,38,1,3,0,0,0,0
751,,1.5,12,12,0,33,3 ,0.09091 ,3.6,0,0,0,0,0,0,1,0,0,0,0,1,0,28,0,4,0,0,0,0
752,,2.5,12,12,0,145,13 ,0.08966 ,5.122388,0.0246914,1,1,0,0,0,1,0,1,0,0,0,0,43,0,4,1,1,0,0
753,,1.2,12,12,0,54,8 ,0.14815 ,4.26668,0.125,1,0,0,0,0,1,0,1,0,0,0,0,33,0,1,0,1,0,0
754,,0.3,9,3,131,23,3 ,0.13043 ,1.866668,-0.0714286,0,0,0,0,0,0,1,0,0,0,0,0,32,0,2,1,1,0,1
755,,5,11,6,98,142,14 ,0.09859 ,17.13846,0,1,1,0,0,0,0,1,0,0,0,0,0,36,0,4,1,1,0,1
756,,2.8,12,12,93,80,6 ,0.07500 ,7.117744,0,0,0,0,1,0,0,0,1,0,0,0,0,25,1,2,0,1,0,0
757,,1.5,12,12,33,28,5 ,0.17857 ,1.9,0,1,0,0,0,0,0,0,1,0,0,0,0,45,0,4,0,0,0,0
758,,5,11,12,121,59,7 ,0.11864 ,8.142856,0,1,1,0,0,0,0,0,0,1,0,0,0,33,0,3,1,1,0,1
759,,1.2,11,12,95,49,6 ,0.12245 ,11.2,0.0714286,1,0,0,1,0,0,0,1,0,0,0,0,28,1,2,0,1,0,1
760,,1.7,13,24,85,23,5 ,0.21739 ,1.4,-0.0714286,0,0,0,0,0,1,0,1,0,0,0,0,29,1,2,0,0,0,0
761,,6,12,12,106,36,4 ,0.11111 ,4,0,1,0,0,0,0,0,0,0,0,0,1,0,40,0,5,1,1,0,1
762,,0.3,9,3,109,201,12 ,0.05970 ,7.420808,0,1,1,0,0,0,0,0,0,0,0,1,0,34,0,5,1,0,0,0
763,,1.2,11,12,92,175,4 ,0.02286 ,15.333332,0,1,1,1,0,0,0,0,0,0,0,1,0,32,0,3,0,1,0,0
764,,3,13,24,98,23,0 ,0.00000 ,4,0,0,1,0,0,0,0,0,1,0,0,0,0,24,0,3,0,0,0,0
765,,1,12,12,0,30,4 ,0.13333 ,9.422224,-0.0555556,1,1,0,0,0,0,0,1,0,0,0,0,36,0,1,0,0,0,0
766,,7,11,6,99,41,4 ,0.09756 ,5,0,1,0,0,0,0,0,0,0,0,0,1,0,25,0,5,1,0,0,0
767,,1.2,12,12,97,44,0 ,0.00000 ,8.8,-0.0454545,0,0,1,1,0,0,0,0,1,0,0,0,25,0,1,0,0,0,0
768,,5,12,12,90,28,0 ,0.00000 ,8.276924,0,0,1,0,0,0,0,1,0,0,0,0,0,40,0,2,0,1,0,0
769,,2.8,12,12,74,38,3 ,0.07895 ,4.4,0,0,0,0,0,0,0,0,1,0,0,0,0,25,1,2,0,0,0,0
770,,0.8,12,12,94,31,6 ,0.19355 ,4,0,1,1,0,0,0,0,0,0,0,0,0,1,26,1,1,0,0,0,0
771,,3,12,12,99,80,10 ,0.12500 ,6.402128,-0.0212766,1,1,0,0,0,0,0,1,0,0,0,0,28,1,2,0,0,0,0
772,,10,13,24,0,53,5 ,0.09434 ,7.333332,0.166667,0,0,0,0,1,1,0,0,0,0,1,0,42,0,5,1,0,0,0
773,,7,12,12,103,27,1 ,0.03704 ,6,0,1,0,0,0,0,0,0,0,1,0,0,0,41,1,2,1,1,0,0
774,,0.8,11,12,110,96,12 ,0.12500 ,10,0,0,1,1,0,0,0,0,1,0,0,0,0,28,0,1,0,0,0,0
775,,1,12,12,102,135,14 ,0.10370 ,7.982224,0.0138889,1,1,1,1,0,1,1,0,0,0,0,0,38,0,2,1,0,0,0
776,,1.8,11,12,115,107,12 ,0.11215 ,7.255932,0,1,1,1,0,0,0,0,1,0,0,0,0,25,1,2,0,0,0,0
777,,1,12,12,0,20,0 ,0.00000 ,3.6,0,1,0,0,0,0,0,0,0,0,1,0,0,28,1,4,0,0,0,0
778,,5,11,12,111,41,5 ,0.12195 ,4.4,0.0454545,0,1,0,0,0,0,1,0,0,0,0,0,50,0,2,0,1,0,0
779,,1.3,11,6,0,22,4 ,0.18182 ,2.6,0.153846,0,0,0,0,1,0,0,0,0,0,1,0,28,0,2,0,0,0,0
780,,1,12,12,0,20,0 ,0.00000 ,4.4,0,1,0,0,0,0,0,0,0,0,0,1,0,40,0,1,0,0,0,0
781,,1.1,12,12,106,38,2 ,0.05263 ,4.6,0,1,0,0,0,0,0,1,0,0,0,0,0,30,0,1,1,1,1,1
782,,2.4,10,9,0,46,4 ,0.08696 ,5.6,0,1,0,0,0,0,0,0,0,0,0,1,0,48,0,5,1,1,0,0
783,,3,12,12,0,43,5 ,0.11628 ,11.2,-0.0357143,0,0,0,0,0,1,0,1,0,0,0,0,48,0,3,0,1,0,0
784,,2,12,12,98,40,3 ,0.07500 ,9.2,0.0434783,1,0,0,0,0,0,0,0,1,0,0,0,41,0,5,0,1,0,1
785,,0.7,10,6,114,21,3 ,0.14286 ,2.4,0,0,0,0,0,0,0,0,1,0,0,0,0,25,1,2,0,1,0,1
786,,4.6,12,12,106,75,6 ,0.08000 ,17.75238,0,1,1,0,0,0,0,0,0,0,1,0,0,29,0,4,0,1,0,1
787,,1,10,3,0,21,2 ,0.09524 ,5.103032,0,1,1,0,0,0,0,0,0,0,0,1,0,27,0,4,1,0,0,0
788,,3,12,12,102,41,4 ,0.09756 ,3.466668,0,0,0,0,0,0,0,0,1,0,0,0,0,43,0,2,1,1,0,1
789,,1.8,11,6,100,21,3 ,0.14286 ,5.836364,0,1,1,0,0,0,0,0,1,0,0,0,0,44,0,2,0,1,0,0
790,,0.9,11,6,96,96,9 ,0.09375 ,4.929232,0,1,1,1,0,0,0,0,0,0,0,1,0,40,0,1,1,0,0,0
791,,1.7,13,24,96,41,5 ,0.12195 ,6.544928,0,0,1,1,0,0,0,0,1,0,0,0,0,26,0,1,0,0,0,0
792,,0.7,11,6,0,47,4 ,0.08511 ,12,0.0333334,0,0,0,0,0,1,1,0,0,0,0,0,28,1,2,0,0,0,0
793,,2.1,12,12,94,81,8 ,0.09877 ,10.616328,0.0204082,1,1,1,0,0,1,0,0,0,1,0,0,34,0,2,1,1,1,1
794,,4.4,11,6,99,100,11 ,0.11000 ,8.26668,0.0161291,1,0,0,0,0,0,0,0,0,0,1,0,26,0,3,1,0,1,0
795,,2.5,11,6,96,38,4 ,0.10526 ,4.4,0,1,1,0,0,0,0,1,0,0,0,0,0,29,0,2,0,0,0,0
796,,5,13,24,95,23,3 ,0.13043 ,3,-0.0666667,0,0,0,0,0,0,0,1,0,0,0,0,29,0,3,0,1,0,1
797,,3.5,11,12,116,93,10 ,0.10753 ,12.477968,0.0169492,1,1,1,0,0,1,1,0,0,0,0,0,40,0,2,1,1,1,1
798,,3,12,12,0,75,8 ,0.10667 ,9.4,0.0212766,0,0,0,1,1,1,0,1,0,0,0,0,50,0,2,0,1,0,0
799,,3,12,12,61,71,7 ,0.09859 ,9,0.0444444,0,0,0,1,0,1,0,1,0,0,0,0,41,0,2,0,1,0,0
800,,2,11,12,112,194,14 ,0.07216 ,24.277968,0.01694912,1,0,0,0,0,1,0,1,0,0,0,0,27,1,4,1,0,0,0
801,,0.6,12,12,81,29,2 ,0.06897 ,7.2,0.0555556,0,0,0,1,0,1,1,0,0,0,0,0,29,1,1,0,0,0,0
802,,1.8,12,12,106,74,8 ,0.10811 ,8.8,0.0227273,1,0,0,0,0,0,0,1,0,0,0,0,28,0,2,0,1,0,1
803,,2.2,11,6,100,163,19 ,0.11656 ,7.777776,0.0444444,1,1,0,1,0,0,0,1,0,0,0,0,31,1,2,0,0,0,0
804,,0.6,12,12,106,52,4 ,0.07692 ,12,0.166667,1,0,0,0,1,0,0,0,0,0,1,0,25,1,1,0,0,0,0
805,,3,12,9,0,98,8 ,0.08163 ,11.8,0.0169492,1,0,0,1,0,0,0,0,0,1,0,0,37,0,2,0,1,0,0
806,,3,12,12,98,22,3 ,0.13636 ,2.8,0,0,0,0,0,0,0,0,0,0,1,0,0,34,0,4,1,1,0,1
807,,3,12,12,0,31,3 ,0.09677 ,7.2,0,0,0,0,0,0,0,0,0,0,0,1,0,43,0,3,0,1,0,0
808,,0.8,12,12,0,25,1 ,0.04000 ,5.2,0,0,1,1,0,0,0,1,0,0,0,0,0,28,1,1,0,1,0,0
809,,1.8,12,12,106,37,5 ,0.13514 ,4.6,0,1,0,1,0,0,0,0,0,0,0,1,0,26,0,4,0,0,0,0
810,,1.4,12,12,90,28,3 ,0.10714 ,9.15294,0,0,1,0,0,0,0,0,0,1,0,0,0,32,1,1,0,1,0,0
811,,1.5,12,12,0,21,10 ,0.47619 ,7.2,0,0,0,0,0,0,0,0,0,0,0,1,0,32,0,4,0,1,0,0
812,,1.7,12,12,0,31,4 ,0.12903 ,4.4,0,0,0,0,1,0,0,0,1,0,0,0,0,26,1,1,0,0,0,0
813,,0.4,11,6,87,38,3 ,0.07895 ,6,0,1,1,0,0,0,0,0,0,1,0,0,0,39,0,2,0,0,0,0
814,,0.9,11,12,112,108,11 ,0.10185 ,8,0.0166667,0,1,1,0,0,0,1,0,0,0,0,0,28,1,1,0,0,0,0
815,,1.3,13,24,0,32,3 ,0.09375 ,8,0,0,0,0,1,0,0,0,0,0,0,1,0,29,0,2,1,0,0,0
816,,0.6,12,12,106,28,3 ,0.10714 ,3.4,0,0,0,0,0,0,0,1,0,0,0,0,0,52,0,1,0,1,0,0
817,,0.5,11,6,0,22,2 ,0.09091 ,6.4,0,0,0,0,0,0,0,0,1,0,0,0,0,53,0,1,0,1,0,0
818,,0.6,10,6,0,22,2 ,0.09091 ,2.6,0.153846,1,0,0,0,1,1,0,0,1,0,0,0,27,1,1,0,0,0,0
819,,3,12,9,99,22,0 ,0.00000 ,8.133332,0,0,0,0,0,0,0,1,0,0,0,0,0,44,1,2,1,1,0,0
820,,1.4,12,12,0,51,6 ,0.11765 ,3.383332,0,1,1,0,0,0,0,0,1,0,0,0,0,26,1,1,0,0,0,0
821,,1.6,12,12,89,39,0 ,0.00000 ,11.81052,0.0526316,1,1,0,0,0,0,1,0,0,0,0,0,37,0,2,1,1,0,0
822,,5,13,24,0,97,6 ,0.06186 ,7.86668,-0.0169491,0,0,0,0,0,0,0,0,1,0,0,0,37,0,3,1,0,1,0
823,,5,12,12,102,69,7 ,0.10145 ,6.33332,0,1,0,0,0,0,0,0,0,1,0,0,0,27,1,2,0,0,0,0
824,,3.5,13,24,0,50,2 ,0.04000 ,9.633332,0,0,1,0,0,0,0,0,0,1,0,0,0,39,0,5,1,1,0,0
825,,2,13,24,0,36,0 ,0.00000 ,9.6,0.0416667,0,0,0,0,0,1,1,0,0,0,0,0,36,0,2,0,1,0,1
826,,1.4,13,24,0,52,0 ,0.00000 ,11.93846,0,0,0,0,0,0,0,0,1,0,0,0,0,31,0,4,1,1,0,1
827,,1.4,12,12,97,120,11 ,0.09167 ,11.65832,0,0,1,0,0,0,0,0,1,0,0,0,0,34,0,1,1,1,0,0
828,,1.2,11,12,116,54,9 ,0.16667 ,4.4,0.0606061,1,0,0,1,0,0,1,0,0,0,0,0,36,0,1,0,1,0,0
829,,4,12,12,0,91,8 ,0.08791 ,26,0,1,1,0,0,0,0,0,0,0,1,0,0,33,0,4,0,1,0,1
830,,0.6,11,6,100,60,10 ,0.16667 ,9,0,1,1,0,0,0,0,0,1,0,0,0,0,44,0,1,1,1,1,0
831,,1.8,11,12,0,98,6 ,0.06122 ,10.242412,0.0727274,1,1,0,0,1,1,0,1,0,0,0,0,32,1,5,1,0,0,0
832,,1.6,13,24,0,452,48 ,0.10619 ,12.0603736,0.0261194,1,1,0,0,1,1,0,1,0,0,0,0,47,0,1,0,1,0,0
833,,0.8,13,15,100,42,6 ,0.14286 ,3.466668,0.0384615,1,0,1,0,0,0,0,1,0,0,0,0,23,1,1,0,0,0,0
834,,0.4,12,12,85,30,3 ,0.10000 ,4.166668,0,0,1,0,0,0,0,0,1,0,0,0,0,28,1,1,1,1,0,0
835,,3,12,12,101,28,4 ,0.14286 ,3.4,0.176471,0,0,0,0,0,1,0,1,0,0,0,0,28,0,2,0,1,0,1
836,,6,11,12,123,62,4 ,0.06452 ,6.4,0.0625,1,0,0,0,1,0,0,0,0,0,1,0,32,0,4,1,0,0,0
837,,2.5,12,12,102,63,8 ,0.12698 ,4.93332,0,1,0,1,1,0,0,1,0,0,0,0,0,26,1,2,0,1,0,0
838,,2.6,13,24,0,73,7 ,0.09589 ,8.457144,0,1,1,0,0,0,0,0,1,0,0,0,0,35,0,2,0,1,0,0
839,,1.8,12,12,100,35,5 ,0.14286 ,4.2,0,1,0,0,0,0,0,1,0,0,0,0,0,33,0,1,0,1,0,1
840,,1.8,12,12,105,50,4 ,0.08000 ,6.2,0,1,1,0,0,0,0,0,1,0,0,0,0,45,0,2,0,1,0,0
841,,6,12,12,0,21,1 ,0.04762 ,4.8,0,0,0,0,0,0,0,0,0,0,1,0,0,39,0,5,0,1,0,0
842,,2.8,13,24,92,81,7 ,0.08642 ,6.55238,0,1,1,0,0,0,0,1,0,0,0,0,0,40,0,4,1,1,0,0
843,,5,13,24,0,42,4 ,0.09524 ,11.266668,0,1,1,0,1,0,0,0,1,0,0,0,0,41,0,5,0,1,0,0
844,,1.5,12,12,78,31,3 ,0.09677 ,8,0,1,0,0,0,0,0,0,0,0,1,0,0,28,0,3,0,0,0,0
845,,2.5,11,12,107,31,4 ,0.12903 ,5.905264,0,0,1,1,0,0,0,0,0,1,0,0,0,32,1,4,0,0,0,0
846,,0.5,12,12,105,42,6 ,0.14286 ,3.333332,0.04,1,0,0,0,0,0,1,0,0,0,0,0,26,1,1,0,0,0,0
847,,0.3,12,12,96,37,5 ,0.13514 ,5,0.04,1,0,0,0,0,0,1,0,0,0,0,0,33,0,1,0,1,0,1
848,,0.72,11,9,104,20,4 ,0.20000 ,1.866668,0.142857,0,0,1,0,0,1,0,0,0,0,0,1,29,0,1,0,0,0,0
849,,1.8,12,12,104,21,2 ,0.09524 ,4.8,0,0,0,0,0,0,0,0,1,0,0,0,0,25,1,2,1,1,1,0
850,,0.8,10,6,0,37,5 ,0.13514 ,10.8,0.148148,0,0,0,1,0,0,0,1,0,0,0,0,39,0,2,1,1,1,0
851,,2,11,12,101,36,5 ,0.13889 ,3.066668,0.0869565,1,0,0,1,0,0,0,0,0,0,1,0,27,0,1,1,1,0,0
852,,3,12,12,0,24,2 ,0.08333 ,8.276924,0,1,0,0,0,0,0,0,0,0,0,1,0,26,0,3,0,0,0,0
853,,2,12,12,102,64,6 ,0.09375 ,7.8,-0.0512821,1,0,0,0,0,0,0,0,0,1,0,0,27,1,2,0,0,0,0
854,,3,12,12,101,43,4 ,0.09302 ,5,0.04,1,0,0,0,0,0,0,0,0,0,1,0,33,0,4,1,1,1,0
855,,21.6,13,24,0,21,4 ,0.19048 ,1.866668,0.0714286,0,0,0,0,0,1,0,0,0,0,1,0,34,0,5,1,1,0,1
856,,2.5,12,12,110,103,9 ,0.08738 ,8.301756,0.0175439,1,0,0,0,0,0,0,0,0,0,1,0,33,0,2,1,0,0,0
857,,1.6,13,24,0,78,6 ,0.07692 ,6.4,0,1,0,0,0,0,0,0,0,0,1,0,0,25,1,1,1,0,0,0
858,,1,12,12,101,71,7 ,0.09859 ,8.33332,0.025,1,1,1,0,0,0,1,0,0,0,0,0,29,1,2,0,0,0,0
859,,2.04,13,24,0,164,15 ,0.09146 ,10.89208,0.0693069,0,1,1,0,1,1,0,1,0,0,0,0,26,1,2,0,1,0,0
860,,3,12,12,0,20,3 ,0.15000 ,2.6,0.153846,0,0,0,0,1,1,0,1,0,0,0,0,39,0,2,0,1,0,0
861,,1.2,10,6,108,37,4 ,0.10811 ,4,-0.05,0,0,0,0,0,0,0,1,0,0,0,0,31,0,1,0,0,0,0
862,,2.9,12,12,104,38,4 ,0.10526 ,2.1,0,1,1,0,0,0,0,0,0,0,1,0,0,34,0,3,1,1,1,1
863,,1.2,12,12,0,76,9 ,0.11842 ,7.233332,0,0,1,0,1,0,1,1,0,0,0,0,0,37,0,1,1,1,0,0
864,,4.9,12,12,104,62,6 ,0.09677 ,3.9,0.025641,1,0,0,0,0,0,0,0,0,0,1,0,36,1,2,1,0,0,0
865,,7,12,12,105,56,6 ,0.10714 ,8.780644,0.0322581,1,1,0,1,0,0,0,0,0,0,1,0,40,0,4,1,0,0,0
866,,0.8,11,6,0,25,3 ,0.12000 ,2.6,0,1,0,0,0,0,0,0,0,0,1,0,0,26,1,2,0,0,0,0
867,,2.1,12,12,0,22,3 ,0.13636 ,5.2,0.153846,0,0,0,0,0,0,0,0,0,0,0,1,44,0,2,0,1,0,0
868,,1.4,13,24,88,44,0 ,0.00000 ,12.933332,0,0,1,0,0,0,0,1,0,0,0,0,0,24,1,2,0,0,0,0
869,,2.2,12,12,106,21,3 ,0.14286 ,1.5,0,0,0,0,0,0,0,0,0,0,0,0,1,38,0,2,0,1,0,1
870,,0.5,10,6,110,21,2 ,0.09524 ,5.733332,0,0,0,0,0,0,0,1,0,0,0,0,0,26,1,2,1,0,0,0
871,,2.5,11,12,117,20,3 ,0.15000 ,5.733332,0.0833333,1,1,0,0,1,0,0,0,1,0,0,0,30,1,2,0,0,0,0
872,,0.7,12,12,76,42,3 ,0.07143 ,4.866668,0,0,1,0,0,0,0,1,0,0,0,0,0,24,1,1,0,0,0,0
873,,5,9,3,103,90,8 ,0.08889 ,10.8,0,1,1,1,0,0,0,0,0,0,1,0,0,31,0,5,1,1,1,0
874,,3,11,12,98,30,5 ,0.16667 ,3.4,0.0588235,0,1,0,1,0,0,0,1,0,0,0,0,28,1,2,0,0,0,0
875,,1.6,11,12,112,126,10 ,0.07937 ,8.21948,-0.025974,1,0,0,0,0,0,0,0,1,0,0,0,24,1,2,0,0,0,0
876,,1.3,12,12,0,21,1 ,0.04762 ,5.6,0,0,1,0,0,0,0,0,1,0,0,0,0,25,0,1,0,0,0,0
877,,2.8,12,12,90,56,7 ,0.12500 ,4.66668,0,1,1,0,0,0,0,0,1,0,0,0,0,27,1,2,0,0,0,0
878,,1,10,3,96,24,0 ,0.00000 ,4.8,0,0,0,0,0,0,0,0,1,0,0,0,0,27,1,2,0,0,0,0
879,,0.7,13,24,100,24,3 ,0.12500 ,3,0.133333,0,0,0,1,1,0,1,0,0,0,0,0,28,0,1,1,0,0,0
880,,2,10,3,0,39,0 ,0.00000 ,8,0,1,0,0,0,0,0,0,0,0,1,0,0,43,1,2,0,0,0,0
881,,0.8,10,6,85,57,6 ,0.10526 ,8,0.05,1,0,0,0,0,1,0,0,0,0,1,0,27,0,5,1,0,1,0
882,,2.1,12,12,98,40,3 ,0.07500 ,4.2,-0.047619,0,0,1,0,0,0,0,1,0,0,0,0,27,1,1,1,0,0,0
883,,1.5,11,6,101,24,3 ,0.12500 ,5.733332,0.0833333,1,0,0,1,0,0,0,0,0,0,1,0,35,0,2,1,1,1,1
884,,1.5,13,24,99,67,4 ,0.05970 ,10.643244,0,0,1,0,0,0,0,0,1,0,0,0,0,29,0,1,1,0,0,0
885,,0.7,11,6,0,43,0 ,0.00000 ,10.30476,0,0,1,1,0,0,0,0,1,0,0,0,0,45,0,1,0,1,0,0
886,,0.7,12,12,0,20,2 ,0.10000 ,8,0.3,0,0,0,1,1,1,0,0,1,0,0,0,29,1,1,0,0,0,0
887,,1,12,12,0,91,8 ,0.08791 ,8.318868,0,0,1,1,0,0,0,0,1,0,0,0,0,33,0,1,0,0,0,0
888,,1,13,24,101,37,4 ,0.10811 ,11.6,0,0,0,0,0,0,0,1,0,0,0,0,0,27,0,2,0,0,0,0
889,,3,13,24,0,45,6 ,0.13333 ,11.6,0,0,0,0,0,0,0,0,1,0,0,0,0,29,1,2,0,1,0,0
890,,1.1,11,6,101,56,5 ,0.08929 ,14,0.0571429,1,1,0,0,1,0,0,0,0,0,1,0,31,0,4,0,1,0,0
891,,2.2,13,24,0,28,4 ,0.14286 ,2.266668,0,0,0,0,0,0,0,0,1,0,0,0,0,29,0,1,0,1,0,0
892,,1,11,6,0,37,5 ,0.13514 ,4.2,0,1,0,0,0,0,0,0,1,0,0,0,0,27,1,3,0,0,0,0
893,,6,10,6,108,65,5 ,0.07692 ,10.15,0.03125,1,1,0,0,0,0,0,0,0,0,1,0,34,0,5,1,1,0,0
894,,3,12,12,102,23,1 ,0.04348 ,5.6,0,0,0,0,0,0,0,1,0,0,0,0,0,36,0,3,0,0,0,0
895,,0.9,12,12,0,25,2 ,0.08000 ,3.8,0,0,0,0,0,0,0,0,1,0,0,0,0,26,0,1,1,1,0,0
896,,2.4,11,12,121,54,2 ,0.03704 ,4.66668,0.0285714,0,0,0,0,0,0,0,1,0,0,0,0,36,0,3,0,1,0,1
897,,2.9,11,6,99,43,5 ,0.11628 ,3.333332,0.08,1,0,0,0,1,0,0,0,0,1,0,0,30,0,4,0,0,0,0
898,,1.6,11,12,121,68,7 ,0.10294 ,9.530232,0,0,1,0,1,1,0,0,1,0,0,0,0,29,0,1,0,0,0,0
899,,3,13,24,0,138,12 ,0.08696 ,11.86668,0.0337079,1,1,0,1,0,0,0,1,0,0,0,0,27,0,2,0,1,0,0
900,,0.5,12,12,99,42,4 ,0.09524 ,6.88148,0,1,1,0,0,0,1,0,1,0,0,0,0,43,0,1,1,1,0,1
901,,1,10,3,98,21,3 ,0.14286 ,2.4,0,0,0,0,0,0,0,1,0,0,0,0,0,48,0,4,1,1,0,1
902,,3.8,11,12,99,40,5 ,0.12500 ,4.4,0,1,0,0,0,0,0,1,0,0,0,0,0,29,0,3,1,1,1,1
903,,0.8,11,12,112,65,6 ,0.09231 ,7.2,0,1,0,0,0,0,0,0,0,1,0,0,0,25,1,1,0,0,0,0
904,,0.8,11,6,93,25,2 ,0.08000 ,8.276924,0,1,0,0,0,0,0,1,0,0,0,0,0,38,0,1,0,0,0,0
905,,3,13,24,0,44,5 ,0.11364 ,6,0,0,0,1,0,0,1,0,1,0,0,0,0,40,0,3,0,1,0,0
906,,2.5,13,24,0,69,6 ,0.08696 ,8.4,0.0238095,1,1,1,0,0,0,0,0,0,0,1,0,29,0,4,1,1,1,1
907,,1.6,12,12,100,45,4 ,0.08889 ,6.73846,0,0,0,0,0,0,0,0,1,0,0,0,0,48,0,1,0,1,0,0
908,,3.8,13,24,111,202,27 ,0.13366 ,5.46668,0.00813008,1,1,1,0,0,0,0,0,0,0,1,0,34,0,2,0,1,0,1
909,,6,10,6,159,31,4 ,0.12903 ,4,0.05,0,0,1,0,1,0,1,0,0,0,0,0,37,0,5,1,1,0,1
910,,5,10,3,98,30,2 ,0.06667 ,6.8,0,1,1,0,0,0,0,0,0,0,1,0,0,32,0,5,1,1,0,1
911,,3,12,12,104,21,2 ,0.09524 ,2.8,0,0,0,0,0,0,0,0,1,0,0,0,0,32,0,3,0,1,0,1
912,,2.5,12,12,0,57,7 ,0.12281 ,7,0,1,1,0,0,0,0,0,0,0,1,0,0,49,0,5,0,1,0,0
913,,0.4,11,9,117,25,3 ,0.12000 ,3,0.133333,1,0,0,1,1,0,1,0,0,0,0,0,29,1,2,0,0,0,0
914,,0.5,12,12,0,189,18 ,0.09524 ,8.949248,0,1,1,1,1,0,0,0,1,0,0,0,0,46,0,1,0,1,0,0
915,,5,12,12,0,44,3 ,0.06818 ,5.005128,0.0384615,1,0,0,0,0,1,0,0,0,1,0,0,46,0,2,1,0,0,0
916,,3,13,24,102,22,2 ,0.09091 ,2.4,0,0,0,0,0,0,0,0,0,0,0,1,0,30,0,5,1,0,1,0
917,,3,10,3,98,91,9 ,0.09890 ,5.1,0.0392157,1,0,0,0,0,0,0,0,0,0,1,0,29,1,3,0,0,0,0
918,,2.5,11,12,0,137,13 ,0.09489 ,4.35,0.0229885,1,1,0,0,1,1,0,1,0,0,0,0,52,0,3,1,1,0,0
919,,0.8,13,18,88,43,5 ,0.11628 ,3.466668,0.0769231,0,0,0,0,0,1,0,1,0,0,0,0,29,0,1,0,1,0,0
920,,2.5,13,24,0,228,18 ,0.07895 ,10.425856,0.0149254,1,1,0,1,0,0,0,1,0,0,0,0,41,0,2,0,1,0,1
921,,0.8,12,9,100,35,3 ,0.08571 ,4.4,-0.0454545,1,1,0,0,0,0,0,0,0,0,1,0,34,1,2,1,1,0,1
922,,2.6,11,6,0,33,2 ,0.06061 ,8,0,1,0,0,0,0,0,0,1,0,0,0,0,25,1,1,0,1,0,0
923,,0.8,11,6,0,31,3 ,0.09677 ,9.15294,0.0588235,0,1,0,0,0,0,0,0,0,0,1,0,24,1,2,0,0,0,0
924,,5,13,24,0,150,10 ,0.06667 ,37.098852,0.0114942,1,1,0,0,0,1,0,0,0,0,1,0,40,0,3,1,0,0,0
925,,0.5,12,12,0,50,4 ,0.08000 ,6.8,0.0294118,0,0,0,0,0,1,0,0,1,0,0,0,30,1,1,0,0,0,0
926,,2.5,11,6,97,25,1 ,0.04000 ,5.6,0,1,0,0,0,0,0,0,0,0,0,1,0,30,0,3,0,0,0,0
927,,3,13,24,0,64,8 ,0.12500 ,6,0.0222222,1,0,0,0,1,1,0,0,0,0,1,0,36,0,2,0,1,0,0
928,,4.7,13,24,102,112,13 ,0.11607 ,7.4,0.027027,1,0,1,1,0,0,0,0,0,0,1,0,27,1,2,0,0,0,0
929,,3,13,18,0,70,7 ,0.10000 ,4.3,-0.0232558,1,0,0,1,0,0,1,0,0,0,0,0,29,0,2,0,1,0,0
930,,0.3,10,6,103,42,5 ,0.11905 ,3.733332,0.0714286,0,0,0,0,1,0,0,0,1,0,0,0,32,0,1,1,0,0,0
931,,0.6,11,6,101,76,7 ,0.09211 ,6.888888,-0.0222222,1,1,1,0,0,0,1,0,0,0,0,0,27,1,1,1,1,0,0
932,,1,13,24,0,25,0 ,0.00000 ,5.2,0.0769231,0,0,0,0,0,0,0,1,0,0,0,0,24,1,1,0,1,0,1
933,,0.6,12,12,105,22,3 ,0.13636 ,2.4,0,1,0,0,1,0,0,0,1,0,0,0,0,33,0,3,1,0,0,0
934,,1.32,12,12,0,73,8 ,0.10959 ,4.8,0.0416667,0,0,1,0,1,0,1,0,0,0,0,0,34,0,4,1,0,0,0
935,,0.6,13,24,108,26,2 ,0.07692 ,3,0,0,0,0,0,0,0,1,0,0,0,0,0,32,1,1,1,1,0,0
936,,5,13,24,0,30,3 ,0.10000 ,8,0.05,1,0,0,1,0,0,0,0,0,1,0,0,26,1,2,0,0,0,0
937,,3.5,13,24,0,25,3 ,0.12000 ,2.8,0,0,0,1,0,0,0,1,0,0,0,0,0,29,0,5,1,1,0,0
938,,0.72,11,6,98,133,14 ,0.10526 ,18.6,0,0,0,0,1,1,1,1,0,0,0,0,0,34,0,1,0,1,0,0
939,,5,13,24,0,23,2 ,0.08696 ,2.6,0,1,0,0,0,0,0,0,0,0,0,1,0,32,0,3,0,0,0,0
940,,0.9,11,6,0,33,2 ,0.06061 ,8.4,-0.047619,0,0,0,0,0,0,0,1,0,0,0,0,24,1,0,0,0,0,0
941,,2.9,11,9,0,71,6 ,0.08451 ,4.3,0.0232558,1,0,1,0,0,0,0,0,0,0,1,0,27,1,3,1,0,0,0
942,,4,13,24,0,28,3 ,0.10714 ,3.2,0,0,0,0,0,0,0,0,0,0,0,1,0,34,0,5,0,1,0,0
943,,0.96,13,15,0,57,6 ,0.10526 ,3.12,0.0512821,1,0,0,1,1,1,0,1,0,0,0,0,43,0,2,0,1,0,0
944,,1.32,11,6,90,30,2 ,0.06667 ,8,0.05,0,0,0,0,0,1,0,0,0,0,0,1,34,0,4,1,1,0,0
945,,1.5,10,3,94,42,4 ,0.09524 ,10.939132,0,1,1,0,1,0,0,0,1,0,0,0,0,29,0,3,0,1,0,1
946,,0.6,13,24,0,40,5 ,0.12500 ,4.8058,0.0434783,1,1,1,0,0,0,0,1,0,0,0,0,26,1,2,0,0,0,0
947,,2.52,12,12,0,31,5 ,0.16129 ,2.533332,0.105263,1,0,0,1,1,0,0,0,0,1,0,0,31,1,5,0,0,0,0
948,,1,13,24,0,45,4 ,0.08889 ,6,0.1,1,0,1,0,1,0,0,1,0,0,0,0,31,0,1,1,1,1,1
949,,3.5,13,24,0,24,2 ,0.08333 ,5.2,0,0,0,1,0,0,0,1,0,0,0,0,0,28,0,5,1,1,0,0
950,,1,11,6,90,50,5 ,0.10000 ,3.699312,0.0344828,1,0,1,0,0,0,0,0,0,0,1,0,30,1,4,1,0,0,0
951,,0.8,11,6,101,194,11 ,0.05670 ,23.661948,0,1,1,0,0,0,0,0,1,0,0,0,0,25,1,1,0,0,0,0
952,,1.8,11,6,85,157,15 ,0.09554 ,10,0.03,1,0,0,1,0,1,0,0,0,0,1,0,31,0,3,0,0,0,0
953,,4.2,11,6,101,20,3 ,0.15000 ,5.6,0.0714286,0,0,0,0,0,0,0,0,0,0,1,0,32,0,2,0,1,0,0
954,,0.5,11,6,100,22,2 ,0.09091 ,4.8,0,1,0,0,1,0,0,0,0,0,1,0,0,26,1,2,0,0,0,0
955,,1.7,13,24,0,46,5 ,0.10870 ,6.6,0.030303,0,0,0,0,0,1,0,1,0,0,0,0,36,0,2,0,0,0,0
956,,0.8,11,12,97,20,3 ,0.15000 ,4.933332,-0.0833333,0,1,0,0,0,0,1,0,0,0,0,0,26,0,1,0,1,0,1
957,,3,13,24,0,47,6 ,0.12766 ,3.028572,0,1,1,0,0,0,0,0,0,0,0,1,0,37,0,5,1,1,1,1
958,,0.8,12,12,0,39,3 ,0.07692 ,6,0,1,1,0,0,0,0,1,0,0,0,0,0,24,1,5,0,1,0,0
959,,0.8,11,6,96,22,2 ,0.09091 ,4.8,0,1,0,0,0,0,0,0,0,0,0,1,0,39,0,3,1,1,0,0
960,,1.2,12,9,105,22,0 ,0.00000 ,4.8,0.0833333,1,0,1,0,0,0,0,0,0,1,0,0,34,1,2,0,0,0,0
961,,4,13,24,0,43,6 ,0.13953 ,6.2,0.0322581,0,0,0,1,1,0,0,0,0,0,1,0,36,0,4,0,1,0,0
962,,0.5,11,6,100,27,2 ,0.07407 ,6.4,0,1,0,0,0,0,0,0,1,0,0,0,0,33,0,4,1,1,0,1
963,,1,10,3,0,23,2 ,0.08696 ,6,-0.0666667,0,0,0,0,0,0,0,1,0,0,0,0,25,1,1,0,1,0,1
964,,2,12,12,0,67,8 ,0.11940 ,5.46668,0.0487805,1,0,0,0,0,1,0,0,0,0,1,0,30,1,2,0,0,0,0
965,,2.1,13,24,0,67,8 ,0.11940 ,7.171944,0.0263158,1,1,0,0,0,1,0,1,0,0,0,0,37,1,1,0,0,0,0
966,,3.6,11,6,0,107,6 ,0.05607 ,12.477968,0.0169491,1,0,0,0,0,0,0,0,0,0,1,0,38,0,5,1,1,0,0
967,,0.5,11,6,99,43,3 ,0.06977 ,10.8,0,0,1,0,0,0,0,1,0,0,0,0,0,47,0,1,1,1,0,1
968,,1.2,11,6,101,20,3 ,0.15000 ,2.6,0,0,0,0,0,0,0,1,0,0,0,0,0,33,0,1,1,1,0,0
969,,1.8,11,6,0,88,0 ,0.00000 ,18.888888,-0.0222222,1,0,1,0,0,0,0,1,0,0,0,0,23,1,3,0,1,0,1
970,,0.84,12,9,92,56,4 ,0.07143 ,7.490324,0,1,0,0,0,0,1,0,0,0,0,1,0,39,0,1,0,1,0,0
971,,1.4,11,6,101,20,1 ,0.05000 ,5.6,0,1,0,0,0,0,0,0,1,0,0,0,0,38,0,1,0,1,0,1
972,,0.5,10,6,0,84,8 ,0.09524 ,11.953192,0.0212766,1,1,1,0,0,0,0,1,0,0,0,0,29,1,2,0,1,0,1
973,,0.6,12,12,99,58,7 ,0.12069 ,7.2,0,1,1,1,0,0,0,1,0,0,0,0,0,52,0,2,0,0,0,0
974,,2.1,11,6,101,21,2 ,0.09524 ,5.6,0,0,0,0,0,0,0,1,0,0,0,0,0,24,1,2,0,0,0,0
975,,1.5,11,6,101,100,9 ,0.09000 ,12.4,0.0645161,1,0,0,0,1,1,0,0,0,0,1,0,38,0,4,0,1,0,1
976,,1.8,12,12,0,52,4 ,0.07692 ,7.333332,0,1,0,1,0,0,0,0,0,0,0,1,0,30,0,2,1,1,0,1
977,,3,11,6,100,121,14 ,0.11570 ,7.3,0.0273973,1,1,1,0,0,0,0,1,0,0,0,0,29,1,2,0,1,0,1
978,,3,12,12,83,25,1 ,0.04000 ,5.6,0,1,0,0,0,0,0,0,0,0,0,1,0,29,0,4,1,1,0,0
979,,2.6,13,24,0,38,3 ,0.07895 ,2.3,0.0434783,1,0,0,1,0,0,0,1,0,0,0,0,35,0,2,1,0,0,0
980,,1,13,24,98,20,2 ,0.10000 ,2.6,0,0,0,0,0,0,0,1,0,0,0,0,0,30,0,1,0,1,0,0
981,,1.7,13,24,0,22,3 ,0.13636 ,3.4,0,0,0,0,0,0,0,0,0,1,0,0,0,32,0,2,0,0,0,0
982,,1,11,6,0,28,0 ,0.00000 ,7.2,0.0555556,1,0,0,0,0,0,0,0,0,0,1,0,28,0,3,0,0,0,0
983,,0.7,11,6,97,21,3 ,0.14286 ,2.8,0.0714284,0,0,0,0,0,1,0,0,1,0,0,0,30,1,2,1,0,0,0
984,,1.2,11,6,100,30,4 ,0.13333 ,4.2,0.0952381,1,0,1,0,0,1,0,1,0,0,0,0,26,0,1,1,1,0,0
985,,1,12,12,82,24,0 ,0.00000 ,4.8,0,0,0,0,0,0,0,1,0,0,0,0,0,35,0,2,1,1,1,1
986,,0.8,12,12,0,22,2 ,0.09091 ,4.8,0.166667,0,0,0,1,0,0,1,0,0,0,0,0,26,0,1,0,1,0,0
987,,2.4,12,12,0,78,8 ,0.10256 ,6.4,0.0625,1,0,0,1,0,1,0,0,0,0,1,0,38,0,2,0,0,0,0
988,,3,13,24,117,30,6 ,0.20000 ,2.533332,0,0,0,0,0,1,0,0,1,0,0,0,0,26,1,3,0,0,0,0
989,,0.8,11,6,0,29,5 ,0.17241 ,3.6,0,1,0,0,0,0,0,0,0,0,0,1,0,33,0,2,0,0,0,0
990,,1.7,12,9,93,124,13 ,0.10484 ,8.866668,0,1,1,1,0,0,0,1,0,0,0,0,0,26,1,2,0,0,0,0
991,,0.8,13,24,0,91,10 ,0.10989 ,6.542224,0.0185185,1,1,0,1,0,0,0,1,0,0,0,0,45,0,1,0,1,0,1
992,,1,10,6,110,40,5 ,0.12500 ,4.8,0,1,1,1,0,0,0,0,1,0,0,0,0,43,0,2,0,1,0,0
993,,2.9,11,6,100,32,3 ,0.09375 ,4,0,1,0,0,0,0,0,0,1,0,0,0,0,34,0,1,0,1,0,0
994,,3.5,11,6,0,84,8 ,0.09524 ,11.4,0.0526316,1,0,0,1,0,0,0,0,0,0,1,0,31,0,4,0,0,0,0
995,,2.3,13,24,0,64,8 ,0.12500 ,10.15122,0,0,0,0,0,0,0,0,1,0,0,0,0,28,0,2,0,1,0,0
996,,1.3,12,12,97,23,2 ,0.08696 ,5.2,0,0,0,0,0,0,0,0,1,0,0,0,0,28,1,2,1,1,0,1
997,,3,11,6,89,33,3 ,0.09091 ,3.8,0,0,0,1,0,0,0,0,0,0,0,1,0,30,0,5,0,0,0,0
998,,1.3,13,15,96,24,3 ,0.12500 ,2.8,0.0714286,0,0,0,0,0,0,0,0,1,0,0,0,39,0,1,0,1,0,1
999,,3.5,12,9,0,139,13 ,0.09353 ,32.5,0.05,1,0,0,1,1,1,0,0,0,0,1,0,51,0,4,1,1,1,1
1000,,2.2,11,6,0,53,5 ,0.09434 ,7.490324,0.0322581,1,0,0,0,0,1,0,1,0,0,0,0,26,0,3,0,1,0,1
1001,,1,11,6,101,24,2 ,0.08333 ,6.8,0,0,0,0,0,0,0,0,1,0,0,0,0,26,1,1,0,0,0,0
1002,,2.1,11,12,0,146,13 ,0.08904 ,34.436364,0,1,0,0,0,0,0,0,0,0,0,1,0,29,0,5,1,0,0,0
1003,,1.9,10,6,0,54,6 ,0.11111 ,7.333332,0,1,1,0,0,0,0,1,0,0,0,0,0,32,1,3,0,0,0,0
1004,,1.1,10,3,0,38,4 ,0.10526 ,10.4,0.0769231,0,0,0,0,0,1,0,0,0,0,1,0,31,0,1,0,0,0,0
1005,,2.2,11,6,100,66,6 ,0.09091 ,9,0,1,1,0,0,0,0,1,0,0,0,0,0,29,0,3,0,0,0,0
1006,,1,11,6,101,29,4 ,0.13793 ,7.2,0.0555556,1,0,1,0,0,0,0,0,0,0,0,1,43,0,2,0,0,0,0
1007,,2.5,13,18,98,30,4 ,0.13333 ,8,0,1,0,0,0,0,0,1,0,0,0,0,0,27,1,1,0,0,0,0
1008,,1,10,6,106,22,2 ,0.09091 ,4.8,0,0,0,1,1,0,0,0,0,0,0,1,0,26,0,1,0,1,0,1
1009,,2.2,10,6,106,24,2 ,0.08333 ,3,0,1,0,1,0,0,0,0,1,0,0,0,0,25,1,2,0,0,0,0
1010,,1.9,13,24,75,55,5 ,0.09091 ,14.41212,0,1,1,0,0,0,0,0,1,0,0,0,0,52,0,1,0,0,0,0
1011,,0.5,11,6,94,22,12 ,0.54545 ,0.566668,0,0,0,0,0,0,1,1,0,0,0,0,0,26,0,1,0,0,0,0
1012,,1.8,11,6,0,64,6 ,0.09375 ,5.911112,0,1,1,0,0,0,0,0,0,0,1,0,0,30,0,4,1,1,0,1
1013,,1.8,11,6,103,23,3 ,0.13043 ,3,0.0666667,0,0,1,1,0,0,1,0,0,0,0,0,36,0,2,0,0,0,0
1014,,0.72,11,6,98,31,3 ,0.09677 ,4.2,0.047619,0,0,1,1,0,0,0,0,0,0,0,1,31,1,1,1,1,0,0
1015,,1.5,11,6,100,147,13 ,0.08844 ,12.53332,0.0212766,1,1,1,0,0,0,0,0,0,0,1,0,27,1,4,1,1,1,0
1016,,2,13,24,103,48,6 ,0.12500 ,7.179312,0.0344828,1,1,0,0,0,0,0,0,1,0,0,0,32,0,1,0,1,0,1
1017,,2,13,24,0,20,2 ,0.10000 ,2.2,0,0,0,0,0,0,0,0,1,0,0,0,0,36,0,4,1,0,0,0
1018,,2.7,13,24,0,49,6 ,0.12245 ,4.26668,0,0,0,0,0,0,1,0,1,0,0,0,0,29,0,2,0,1,0,1
1019,,0.8,11,6,98,35,0 ,0.00000 ,7.2,0,1,0,0,0,0,0,0,0,0,1,0,0,27,1,1,0,1,0,0
1020,,2.5,13,24,0,21,0 ,0.00000 ,4.8,0,1,0,0,0,0,0,0,1,0,0,0,0,32,0,5,1,1,0,1
1021,,0.8,11,6,93,79,7 ,0.08861 ,20.8,0,1,1,1,1,0,0,1,0,0,0,0,0,30,0,1,1,1,0,0
1022,,2,12,12,0,25,4 ,0.16000 ,3,0.0666667,0,0,0,1,0,0,1,0,0,0,0,0,29,1,2,0,0,0,0
1023,,1.2,10,6,110,22,4 ,0.18182 ,1.866668,0.142857,0,0,1,0,1,0,0,1,0,0,0,0,31,0,5,0,0,0,0
1024,,1.8,11,6,90,76,9 ,0.11842 ,10.939132,-0.0217391,1,1,1,0,0,0,0,1,0,0,0,0,26,1,2,1,0,0,0
1025,,1,11,6,85,35,5 ,0.14286 ,3.066668,0.0869565,0,0,0,0,0,1,1,0,0,0,0,0,29,1,1,0,0,0,0
1026,,1.3,10,6,0,45,6 ,0.13333 ,3.2,0.0625,0,0,0,1,0,0,0,1,0,0,0,0,31,0,3,1,0,1,0
1027,,3,13,24,0,25,3 ,0.12000 ,5.657144,0,1,1,0,0,0,0,1,0,0,0,0,0,28,0,2,0,0,0,0
1028,,1.44,11,6,99,27,0 ,0.00000 ,5.2,0.153846,1,0,1,0,1,0,0,0,0,0,1,0,26,1,2,0,0,0,0
1029,,1,10,6,111,99,7 ,0.07071 ,9.422224,0.037037,1,0,0,0,0,0,0,0,0,0,1,0,33,0,2,1,0,0,0
1030,,48,9,3,136,26,3 ,0.11538 ,3.6,0,0,0,1,0,0,0,0,0,0,0,0,1,42,0,5,1,1,0,1
1031,,0.5,10,6,109,31,5 ,0.16129 ,4.4,0,1,0,0,0,0,0,0,1,0,0,0,0,32,0,3,0,1,0,1
1032,,5,11,6,104,22,4 ,0.18182 ,2.8,0.142857,1,0,0,0,1,0,0,0,0,0,1,0,37,0,4,0,1,0,1
1033,,6,10,6,111,31,3 ,0.09677 ,3.8,0,0,0,1,0,0,0,0,0,0,1,0,0,37,0,5,0,1,0,0
1034,,5,11,6,92,43,3 ,0.06977 ,8.8,0.0909091,1,0,0,0,1,1,0,0,0,1,0,0,29,0,4,0,0,0,0
1035,,0.3,9,3,107,40,5 ,0.12500 ,10.4,0,0,1,1,0,0,0,1,0,0,0,0,0,33,1,4,0,1,0,1
1036,,0.5,10,6,97,25,3 ,0.12000 ,3.2,0,1,0,1,0,0,0,0,1,0,0,0,0,28,1,2,0,0,0,0
1037,,3,13,24,0,26,3 ,0.11538 ,6,0.133333,0,0,0,1,0,1,0,1,0,0,0,0,34,0,3,0,0,0,0
1038,,3,11,6,99,23,4 ,0.17391 ,2.8,0,1,0,0,0,0,0,0,1,0,0,0,0,27,1,3,1,1,0,0
1039,,6,10,6,117,56,5 ,0.08929 ,7.333332,0.0333333,0,1,0,0,0,0,1,0,0,0,0,0,36,0,3,0,1,0,1
1040,,1.6,10,3,98,55,6 ,0.10909 ,4.8,0.0555556,1,0,1,1,0,0,1,0,0,0,0,0,25,1,1,0,1,0,0
1041,,1.7,10,6,118,26,2 ,0.07692 ,6.4,0.0625,1,0,0,1,1,0,0,0,0,1,0,0,29,1,3,0,0,0,0
1042,,1.4,13,24,0,31,0 ,0.00000 ,7.2,0,0,0,0,1,0,0,0,1,0,0,0,0,48,0,1,0,1,0,0
1043,,1,11,6,85,33,3 ,0.09091 ,9.422224,0,1,0,0,0,0,0,0,0,0,1,0,0,27,0,3,1,1,1,1
1044,,2.1,12,12,99,55,6 ,0.10909 ,3.668572,0.107143,1,1,0,0,1,1,0,0,0,0,1,0,31,1,2,0,1,0,0
1045,,1,13,24,0,30,0 ,0.00000 ,7.2,0.0555556,0,0,0,0,0,0,0,0,0,0,0,1,35,0,1,0,1,0,0
1046,,4.1,13,24,0,22,3 ,0.13636 ,2.4,0,0,0,0,1,0,0,0,1,0,0,0,0,36,0,2,0,1,0,0
1047,,2,10,6,106,81,8 ,0.09877 ,4,0.12,1,0,0,1,1,0,0,0,0,1,0,0,27,1,3,0,1,0,0
1048,,2.88,10,6,106,32,3 ,0.09375 ,3.6,0,0,0,0,0,0,0,0,0,0,0,1,0,26,1,5,1,0,1,0
1049,,1.5,13,24,86,24,0 ,0.00000 ,4.8,0.0833333,0,0,0,0,0,0,0,0,0,0,1,0,30,0,2,0,0,0,0
1050,,1.6,11,6,101,38,4 ,0.10526 ,6.569696,0.0454545,0,1,0,0,0,0,0,1,0,0,0,0,34,0,2,0,0,0,0
1051,,1.3,12,12,95,48,4 ,0.08333 ,3.6,0,1,0,0,0,0,0,0,1,0,0,0,0,36,1,1,0,1,0,1
1052,,1,12,12,0,24,4 ,0.16667 ,6.4,0.0625,1,0,0,1,0,0,0,1,0,0,0,0,43,0,1,1,1,0,1
1053,,1.4,12,12,0,132,14 ,0.10606 ,32.73846,0.0128205,1,1,0,0,0,1,0,0,0,0,1,0,38,0,2,0,1,0,0
1054,,0.8,11,6,101,35,5 ,0.14286 ,1.68,0,1,1,1,0,0,0,0,0,0,1,0,0,36,1,3,0,0,0,0
1055,,1.8,12,12,85,48,4 ,0.08333 ,5.6,0.0357143,1,0,0,0,0,0,1,0,0,0,0,0,28,1,2,0,0,0,0
1056,,1.5,11,6,96,25,4 ,0.16000 ,7.6,0.0526316,0,0,0,0,1,0,0,1,0,0,0,0,37,0,3,1,1,0,1
1057,,2.4,11,6,104,69,9 ,0.13043 ,8.4,0.0476191,1,0,0,0,1,1,0,0,0,0,1,0,32,0,3,0,0,0,0
1058,,0.84,11,6,104,85,8 ,0.09412 ,6.054716,0.0943396,1,1,0,0,1,0,0,0,0,0,1,0,30,0,1,0,0,0,0
1059,,1,10,6,110,62,6 ,0.09677 ,14.776472,0,1,1,0,0,0,0,0,0,0,0,1,0,24,1,2,0,0,0,0
1060,,0.5,11,6,0,64,7 ,0.10938 ,4,0,0,0,1,0,1,1,0,0,1,0,0,0,44,0,2,0,1,0,1
1061,,1,11,6,93,46,4 ,0.08696 ,6.2,0.0645161,1,0,0,0,0,1,0,0,0,0,1,0,25,1,2,0,0,0,0
1062,,3,10,6,106,33,0 ,0.00000 ,6,0,1,1,1,0,0,0,0,1,0,0,0,0,27,0,4,1,0,0,0
1063,,1.9,13,24,0,109,10 ,0.09174 ,15.191044,0.0149254,1,1,0,0,0,1,0,1,0,0,0,0,28,1,1,0,0,0,0
1064,,0.8,10,6,108,311,30 ,0.09646 ,12.8772064,0.01578944,1,1,0,0,1,0,0,0,0,0,1,0,27,0,4,0,0,0,0
